Copyright 1986-2022 Xilinx, Inc. All Rights Reserved. Copyright 2022-2025 Advanced Micro Devices, Inc. All Rights Reserved.
------------------------------------------------------------------------------------------------------------------------------------------------------------------------------------------------------------------------------------------
| Tool Version : Vivado v.2025.2 (win64) Build 6299465 Fri Nov 14 19:35:11 GMT 2025
| Date         : Wed Sep 23 10:53:24 2026
| Host         : SERHII_WORK running 64-bit major release  (build 9200)
| Command      : report_timing_summary -max_paths 10 -routable_nets -report_unconstrained -file expr_plain_timing_summary_routed.rpt -pb expr_plain_timing_summary_routed.pb -rpx expr_plain_timing_summary_routed.rpx -warn_on_violation
| Design       : expr_plain
| Device       : 7z020-clg400
| Speed File   : -1  PRODUCTION 1.12 2019-11-22
| Design State : Routed
------------------------------------------------------------------------------------------------------------------------------------------------------------------------------------------------------------------------------------------

Timing Summary Report

------------------------------------------------------------------------------------------------
| Timer Settings
| --------------
------------------------------------------------------------------------------------------------

  Enable Multi Corner Analysis               :  Yes
  Enable Pessimism Removal                   :  Yes
  Pessimism Removal Resolution               :  Nearest Common Node
  Enable Input Delay Default Clock           :  No
  Enable Preset / Clear Arcs                 :  No
  Disable Flight Delays                      :  No
  Ignore I/O Paths                           :  No
  Timing Early Launch at Borrowing Latches   :  No
  Borrow Time for Max Delay Exceptions       :  Yes
  Merge Timing Exceptions                    :  Yes
  Inter-SLR Compensation                     :  Conservative

  Corner  Analyze    Analyze    
  Name    Max Paths  Min Paths  
  ------  ---------  ---------  
  Slow    Yes        Yes        
  Fast    Yes        Yes        


------------------------------------------------------------------------------------------------
| Report Methodology
| ------------------
------------------------------------------------------------------------------------------------

Rule       Severity  Description                    Violations  
---------  --------  -----------------------------  ----------  
DPIR-1     Warning   Asynchronous driver check      17          
TIMING-18  Warning   Missing input or output delay  49          

Note: This report is based on the most recent report_methodology run and may not be up-to-date. Run report_methodology on the current design for the latest report.



check_timing report

Table of Contents
-----------------
1. checking no_clock (0)
2. checking constant_clock (0)
3. checking pulse_width_clock (0)
4. checking unconstrained_internal_endpoints (0)
5. checking no_input_delay (33)
6. checking no_output_delay (16)
7. checking multiple_clock (0)
8. checking generated_clocks (0)
9. checking loops (0)
10. checking partial_input_delay (0)
11. checking partial_output_delay (0)
12. checking latch_loops (0)

1. checking no_clock (0)
------------------------
 There are 0 register/latch pins with no clock.


2. checking constant_clock (0)
------------------------------
 There are 0 register/latch pins with constant_clock.


3. checking pulse_width_clock (0)
---------------------------------
 There are 0 register/latch pins which need pulse_width check


4. checking unconstrained_internal_endpoints (0)
------------------------------------------------
 There are 0 pins that are not constrained for maximum delay.

 There are 0 pins that are not constrained for maximum delay due to constant clock.


5. checking no_input_delay (33)
-------------------------------
 There are 33 input ports with no input delay specified. (HIGH)

 There are 0 input ports with no input delay but user has a false path constraint.


6. checking no_output_delay (16)
--------------------------------
 There are 16 ports with no output delay specified. (HIGH)

 There are 0 ports with no output delay but user has a false path constraint

 There are 0 ports with no output delay but with a timing clock defined on it or propagating through it


7. checking multiple_clock (0)
------------------------------
 There are 0 register/latch pins with multiple clocks.


8. checking generated_clocks (0)
--------------------------------
 There are 0 generated clocks that are not connected to a clock source.


9. checking loops (0)
---------------------
 There are 0 combinational loops in the design.


10. checking partial_input_delay (0)
------------------------------------
 There are 0 input ports with partial input delay specified.


11. checking partial_output_delay (0)
-------------------------------------
 There are 0 ports with partial output delay specified.


12. checking latch_loops (0)
----------------------------
 There are 0 combinational latch loops in the design through latch input



------------------------------------------------------------------------------------------------
| Design Timing Summary
| ---------------------
------------------------------------------------------------------------------------------------

    WNS(ns)      TNS(ns)  TNS Failing Endpoints  TNS Total Endpoints      WHS(ns)      THS(ns)  THS Failing Endpoints  THS Total Endpoints     WPWS(ns)     TPWS(ns)  TPWS Failing Endpoints  TPWS Total Endpoints  
    -------      -------  ---------------------  -------------------      -------      -------  ---------------------  -------------------     --------     --------  ----------------------  --------------------  
      3.201        0.000                      0                   66        0.179        0.000                      0                   66        3.500        0.000                       0                    84  


All user specified timing constraints are met.


------------------------------------------------------------------------------------------------
| Clock Summary
| -------------
------------------------------------------------------------------------------------------------

Clock    Waveform(ns)         Period(ns)      Frequency(MHz)
-----    ------------         ----------      --------------
sys_clk  {0.000 4.000}        8.000           125.000         


------------------------------------------------------------------------------------------------
| Intra Clock Table
| -----------------
------------------------------------------------------------------------------------------------

Clock             WNS(ns)      TNS(ns)  TNS Failing Endpoints  TNS Total Endpoints      WHS(ns)      THS(ns)  THS Failing Endpoints  THS Total Endpoints     WPWS(ns)     TPWS(ns)  TPWS Failing Endpoints  TPWS Total Endpoints  
-----             -------      -------  ---------------------  -------------------      -------      -------  ---------------------  -------------------     --------     --------  ----------------------  --------------------  
sys_clk             3.201        0.000                      0                   66        0.179        0.000                      0                   66        3.500        0.000                       0                    84  


------------------------------------------------------------------------------------------------
| Inter Clock Table
| -----------------
------------------------------------------------------------------------------------------------

From Clock    To Clock          WNS(ns)      TNS(ns)  TNS Failing Endpoints  TNS Total Endpoints      WHS(ns)      THS(ns)  THS Failing Endpoints  THS Total Endpoints  
----------    --------          -------      -------  ---------------------  -------------------      -------      -------  ---------------------  -------------------  


------------------------------------------------------------------------------------------------
| Other Path Groups Table
| -----------------------
------------------------------------------------------------------------------------------------

Path Group    From Clock    To Clock          WNS(ns)      TNS(ns)  TNS Failing Endpoints  TNS Total Endpoints      WHS(ns)      THS(ns)  THS Failing Endpoints  THS Total Endpoints  
----------    ----------    --------          -------      -------  ---------------------  -------------------      -------      -------  ---------------------  -------------------  


------------------------------------------------------------------------------------------------
| User Ignored Path Table
| -----------------------
------------------------------------------------------------------------------------------------

Path Group    From Clock    To Clock    
----------    ----------    --------    


------------------------------------------------------------------------------------------------
| Unconstrained Path Table
| ------------------------
------------------------------------------------------------------------------------------------

Path Group    From Clock    To Clock    
----------    ----------    --------    
(none)        sys_clk                     
(none)                      sys_clk       


------------------------------------------------------------------------------------------------
| Timing Details
| --------------
------------------------------------------------------------------------------------------------


---------------------------------------------------------------------------------------------------
From Clock:  sys_clk
  To Clock:  sys_clk

Setup :            0  Failing Endpoints,  Worst Slack        3.201ns,  Total Violation        0.000ns
Hold  :            0  Failing Endpoints,  Worst Slack        0.179ns,  Total Violation        0.000ns
PW    :            0  Failing Endpoints,  Worst Slack        3.500ns,  Total Violation        0.000ns
---------------------------------------------------------------------------------------------------


Max Delay Paths
--------------------------------------------------------------------------------------
Slack (MET) :             3.201ns  (required time - arrival time)
  Source:                 sum_reg_reg[7]/C
                            (rising edge-triggered cell FDCE clocked by sys_clk  {rise@0.000ns fall@4.000ns period=8.000ns})
  Destination:            prod_reg0/A[7]
                            (rising edge-triggered cell DSP48E1 clocked by sys_clk  {rise@0.000ns fall@4.000ns period=8.000ns})
  Path Group:             sys_clk
  Path Type:              Setup (Max at Slow Process Corner)
  Requirement:            8.000ns  (sys_clk rise@8.000ns - sys_clk rise@0.000ns)
  Data Path Delay:        1.075ns  (logic 0.518ns (48.176%)  route 0.557ns (51.824%))
  Logic Levels:           0  
  Clock Path Skew:        0.034ns (DCD - SCD + CPR)
    Destination Clock Delay (DCD):    4.608ns = ( 12.608 - 8.000 ) 
    Source Clock Delay      (SCD):    5.033ns
    Clock Pessimism Removal (CPR):    0.458ns
  Clock Uncertainty:      0.035ns  ((TSJ^2 + TIJ^2)^1/2 + DJ) / 2 + PE
    Total System Jitter     (TSJ):    0.071ns
    Total Input Jitter      (TIJ):    0.000ns
    Discrete Jitter          (DJ):    0.000ns
    Phase Error              (PE):    0.000ns

    Location             Delay type                Incr(ns)  Path(ns)    Netlist Resource(s)
  -------------------------------------------------------------------    -------------------
                         (clock sys_clk rise edge)    0.000     0.000 r  
    U14                                               0.000     0.000 r  clk (IN)
                         net (fo=0)                   0.000     0.000    clk
    U14                  IBUF (Prop_ibuf_I_O)         1.075     1.075 r  clk_IBUF_inst/O
                         net (fo=1, routed)           2.205     3.280    clk_IBUF
    BUFGCTRL_X0Y16       BUFG (Prop_bufg_I_O)         0.101     3.381 r  clk_IBUF_BUFG_inst/O
                         net (fo=83, routed)          1.652     5.033    clk_IBUF_BUFG
    SLICE_X36Y27         FDCE                                         r  sum_reg_reg[7]/C
  -------------------------------------------------------------------    -------------------
    SLICE_X36Y27         FDCE (Prop_fdce_C_Q)         0.518     5.551 r  sum_reg_reg[7]/Q
                         net (fo=1, routed)           0.557     6.108    sum_reg[7]
    DSP48_X2Y10          DSP48E1                                      r  prod_reg0/A[7]
  -------------------------------------------------------------------    -------------------

                         (clock sys_clk rise edge)    8.000     8.000 r  
    U14                                               0.000     8.000 r  clk (IN)
                         net (fo=0)                   0.000     8.000    clk
    U14                  IBUF (Prop_ibuf_I_O)         0.940     8.940 r  clk_IBUF_inst/O
                         net (fo=1, routed)           2.006    10.946    clk_IBUF
    BUFGCTRL_X0Y16       BUFG (Prop_bufg_I_O)         0.091    11.037 r  clk_IBUF_BUFG_inst/O
                         net (fo=83, routed)          1.571    12.608    clk_IBUF_BUFG
    DSP48_X2Y10          DSP48E1                                      r  prod_reg0/CLK
                         clock pessimism              0.458    13.066    
                         clock uncertainty           -0.035    13.031    
    DSP48_X2Y10          DSP48E1 (Setup_dsp48e1_CLK_A[7])
                                                     -3.722     9.309    prod_reg0
  -------------------------------------------------------------------
                         required time                          9.309    
                         arrival time                          -6.108    
  -------------------------------------------------------------------
                         slack                                  3.201    

Slack (MET) :             3.202ns  (required time - arrival time)
  Source:                 sum_reg_reg[3]/C
                            (rising edge-triggered cell FDCE clocked by sys_clk  {rise@0.000ns fall@4.000ns period=8.000ns})
  Destination:            prod_reg0/A[3]
                            (rising edge-triggered cell DSP48E1 clocked by sys_clk  {rise@0.000ns fall@4.000ns period=8.000ns})
  Path Group:             sys_clk
  Path Type:              Setup (Max at Slow Process Corner)
  Requirement:            8.000ns  (sys_clk rise@8.000ns - sys_clk rise@0.000ns)
  Data Path Delay:        1.075ns  (logic 0.518ns (48.176%)  route 0.557ns (51.824%))
  Logic Levels:           0  
  Clock Path Skew:        0.035ns (DCD - SCD + CPR)
    Destination Clock Delay (DCD):    4.608ns = ( 12.608 - 8.000 ) 
    Source Clock Delay      (SCD):    5.032ns
    Clock Pessimism Removal (CPR):    0.458ns
  Clock Uncertainty:      0.035ns  ((TSJ^2 + TIJ^2)^1/2 + DJ) / 2 + PE
    Total System Jitter     (TSJ):    0.071ns
    Total Input Jitter      (TIJ):    0.000ns
    Discrete Jitter          (DJ):    0.000ns
    Phase Error              (PE):    0.000ns

    Location             Delay type                Incr(ns)  Path(ns)    Netlist Resource(s)
  -------------------------------------------------------------------    -------------------
                         (clock sys_clk rise edge)    0.000     0.000 r  
    U14                                               0.000     0.000 r  clk (IN)
                         net (fo=0)                   0.000     0.000    clk
    U14                  IBUF (Prop_ibuf_I_O)         1.075     1.075 r  clk_IBUF_inst/O
                         net (fo=1, routed)           2.205     3.280    clk_IBUF
    BUFGCTRL_X0Y16       BUFG (Prop_bufg_I_O)         0.101     3.381 r  clk_IBUF_BUFG_inst/O
                         net (fo=83, routed)          1.651     5.032    clk_IBUF_BUFG
    SLICE_X36Y26         FDCE                                         r  sum_reg_reg[3]/C
  -------------------------------------------------------------------    -------------------
    SLICE_X36Y26         FDCE (Prop_fdce_C_Q)         0.518     5.550 r  sum_reg_reg[3]/Q
                         net (fo=1, routed)           0.557     6.107    sum_reg[3]
    DSP48_X2Y10          DSP48E1                                      r  prod_reg0/A[3]
  -------------------------------------------------------------------    -------------------

                         (clock sys_clk rise edge)    8.000     8.000 r  
    U14                                               0.000     8.000 r  clk (IN)
                         net (fo=0)                   0.000     8.000    clk
    U14                  IBUF (Prop_ibuf_I_O)         0.940     8.940 r  clk_IBUF_inst/O
                         net (fo=1, routed)           2.006    10.946    clk_IBUF
    BUFGCTRL_X0Y16       BUFG (Prop_bufg_I_O)         0.091    11.037 r  clk_IBUF_BUFG_inst/O
                         net (fo=83, routed)          1.571    12.608    clk_IBUF_BUFG
    DSP48_X2Y10          DSP48E1                                      r  prod_reg0/CLK
                         clock pessimism              0.458    13.066    
                         clock uncertainty           -0.035    13.031    
    DSP48_X2Y10          DSP48E1 (Setup_dsp48e1_CLK_A[3])
                                                     -3.722     9.309    prod_reg0
  -------------------------------------------------------------------
                         required time                          9.309    
                         arrival time                          -6.107    
  -------------------------------------------------------------------
                         slack                                  3.202    

Slack (MET) :             3.343ns  (required time - arrival time)
  Source:                 sum_reg_reg[6]/C
                            (rising edge-triggered cell FDCE clocked by sys_clk  {rise@0.000ns fall@4.000ns period=8.000ns})
  Destination:            prod_reg0/A[6]
                            (rising edge-triggered cell DSP48E1 clocked by sys_clk  {rise@0.000ns fall@4.000ns period=8.000ns})
  Path Group:             sys_clk
  Path Type:              Setup (Max at Slow Process Corner)
  Requirement:            8.000ns  (sys_clk rise@8.000ns - sys_clk rise@0.000ns)
  Data Path Delay:        0.933ns  (logic 0.518ns (55.504%)  route 0.415ns (44.496%))
  Logic Levels:           0  
  Clock Path Skew:        0.034ns (DCD - SCD + CPR)
    Destination Clock Delay (DCD):    4.608ns = ( 12.608 - 8.000 ) 
    Source Clock Delay      (SCD):    5.033ns
    Clock Pessimism Removal (CPR):    0.458ns
  Clock Uncertainty:      0.035ns  ((TSJ^2 + TIJ^2)^1/2 + DJ) / 2 + PE
    Total System Jitter     (TSJ):    0.071ns
    Total Input Jitter      (TIJ):    0.000ns
    Discrete Jitter          (DJ):    0.000ns
    Phase Error              (PE):    0.000ns

    Location             Delay type                Incr(ns)  Path(ns)    Netlist Resource(s)
  -------------------------------------------------------------------    -------------------
                         (clock sys_clk rise edge)    0.000     0.000 r  
    U14                                               0.000     0.000 r  clk (IN)
                         net (fo=0)                   0.000     0.000    clk
    U14                  IBUF (Prop_ibuf_I_O)         1.075     1.075 r  clk_IBUF_inst/O
                         net (fo=1, routed)           2.205     3.280    clk_IBUF
    BUFGCTRL_X0Y16       BUFG (Prop_bufg_I_O)         0.101     3.381 r  clk_IBUF_BUFG_inst/O
                         net (fo=83, routed)          1.652     5.033    clk_IBUF_BUFG
    SLICE_X36Y27         FDCE                                         r  sum_reg_reg[6]/C
  -------------------------------------------------------------------    -------------------
    SLICE_X36Y27         FDCE (Prop_fdce_C_Q)         0.518     5.551 r  sum_reg_reg[6]/Q
                         net (fo=1, routed)           0.415     5.966    sum_reg[6]
    DSP48_X2Y10          DSP48E1                                      r  prod_reg0/A[6]
  -------------------------------------------------------------------    -------------------

                         (clock sys_clk rise edge)    8.000     8.000 r  
    U14                                               0.000     8.000 r  clk (IN)
                         net (fo=0)                   0.000     8.000    clk
    U14                  IBUF (Prop_ibuf_I_O)         0.940     8.940 r  clk_IBUF_inst/O
                         net (fo=1, routed)           2.006    10.946    clk_IBUF
    BUFGCTRL_X0Y16       BUFG (Prop_bufg_I_O)         0.091    11.037 r  clk_IBUF_BUFG_inst/O
                         net (fo=83, routed)          1.571    12.608    clk_IBUF_BUFG
    DSP48_X2Y10          DSP48E1                                      r  prod_reg0/CLK
                         clock pessimism              0.458    13.066    
                         clock uncertainty           -0.035    13.031    
    DSP48_X2Y10          DSP48E1 (Setup_dsp48e1_CLK_A[6])
                                                     -3.722     9.309    prod_reg0
  -------------------------------------------------------------------
                         required time                          9.309    
                         arrival time                          -5.966    
  -------------------------------------------------------------------
                         slack                                  3.343    

Slack (MET) :             3.344ns  (required time - arrival time)
  Source:                 sum_reg_reg[2]/C
                            (rising edge-triggered cell FDCE clocked by sys_clk  {rise@0.000ns fall@4.000ns period=8.000ns})
  Destination:            prod_reg0/A[2]
                            (rising edge-triggered cell DSP48E1 clocked by sys_clk  {rise@0.000ns fall@4.000ns period=8.000ns})
  Path Group:             sys_clk
  Path Type:              Setup (Max at Slow Process Corner)
  Requirement:            8.000ns  (sys_clk rise@8.000ns - sys_clk rise@0.000ns)
  Data Path Delay:        0.933ns  (logic 0.518ns (55.504%)  route 0.415ns (44.496%))
  Logic Levels:           0  
  Clock Path Skew:        0.035ns (DCD - SCD + CPR)
    Destination Clock Delay (DCD):    4.608ns = ( 12.608 - 8.000 ) 
    Source Clock Delay      (SCD):    5.032ns
    Clock Pessimism Removal (CPR):    0.458ns
  Clock Uncertainty:      0.035ns  ((TSJ^2 + TIJ^2)^1/2 + DJ) / 2 + PE
    Total System Jitter     (TSJ):    0.071ns
    Total Input Jitter      (TIJ):    0.000ns
    Discrete Jitter          (DJ):    0.000ns
    Phase Error              (PE):    0.000ns

    Location             Delay type                Incr(ns)  Path(ns)    Netlist Resource(s)
  -------------------------------------------------------------------    -------------------
                         (clock sys_clk rise edge)    0.000     0.000 r  
    U14                                               0.000     0.000 r  clk (IN)
                         net (fo=0)                   0.000     0.000    clk
    U14                  IBUF (Prop_ibuf_I_O)         1.075     1.075 r  clk_IBUF_inst/O
                         net (fo=1, routed)           2.205     3.280    clk_IBUF
    BUFGCTRL_X0Y16       BUFG (Prop_bufg_I_O)         0.101     3.381 r  clk_IBUF_BUFG_inst/O
                         net (fo=83, routed)          1.651     5.032    clk_IBUF_BUFG
    SLICE_X36Y26         FDCE                                         r  sum_reg_reg[2]/C
  -------------------------------------------------------------------    -------------------
    SLICE_X36Y26         FDCE (Prop_fdce_C_Q)         0.518     5.550 r  sum_reg_reg[2]/Q
                         net (fo=1, routed)           0.415     5.965    sum_reg[2]
    DSP48_X2Y10          DSP48E1                                      r  prod_reg0/A[2]
  -------------------------------------------------------------------    -------------------

                         (clock sys_clk rise edge)    8.000     8.000 r  
    U14                                               0.000     8.000 r  clk (IN)
                         net (fo=0)                   0.000     8.000    clk
    U14                  IBUF (Prop_ibuf_I_O)         0.940     8.940 r  clk_IBUF_inst/O
                         net (fo=1, routed)           2.006    10.946    clk_IBUF
    BUFGCTRL_X0Y16       BUFG (Prop_bufg_I_O)         0.091    11.037 r  clk_IBUF_BUFG_inst/O
                         net (fo=83, routed)          1.571    12.608    clk_IBUF_BUFG
    DSP48_X2Y10          DSP48E1                                      r  prod_reg0/CLK
                         clock pessimism              0.458    13.066    
                         clock uncertainty           -0.035    13.031    
    DSP48_X2Y10          DSP48E1 (Setup_dsp48e1_CLK_A[2])
                                                     -3.722     9.309    prod_reg0
  -------------------------------------------------------------------
                         required time                          9.309    
                         arrival time                          -5.965    
  -------------------------------------------------------------------
                         slack                                  3.344    

Slack (MET) :             3.348ns  (required time - arrival time)
  Source:                 sum_reg_reg[5]/C
                            (rising edge-triggered cell FDCE clocked by sys_clk  {rise@0.000ns fall@4.000ns period=8.000ns})
  Destination:            prod_reg0/A[5]
                            (rising edge-triggered cell DSP48E1 clocked by sys_clk  {rise@0.000ns fall@4.000ns period=8.000ns})
  Path Group:             sys_clk
  Path Type:              Setup (Max at Slow Process Corner)
  Requirement:            8.000ns  (sys_clk rise@8.000ns - sys_clk rise@0.000ns)
  Data Path Delay:        0.928ns  (logic 0.518ns (55.803%)  route 0.410ns (44.197%))
  Logic Levels:           0  
  Clock Path Skew:        0.034ns (DCD - SCD + CPR)
    Destination Clock Delay (DCD):    4.608ns = ( 12.608 - 8.000 ) 
    Source Clock Delay      (SCD):    5.033ns
    Clock Pessimism Removal (CPR):    0.458ns
  Clock Uncertainty:      0.035ns  ((TSJ^2 + TIJ^2)^1/2 + DJ) / 2 + PE
    Total System Jitter     (TSJ):    0.071ns
    Total Input Jitter      (TIJ):    0.000ns
    Discrete Jitter          (DJ):    0.000ns
    Phase Error              (PE):    0.000ns

    Location             Delay type                Incr(ns)  Path(ns)    Netlist Resource(s)
  -------------------------------------------------------------------    -------------------
                         (clock sys_clk rise edge)    0.000     0.000 r  
    U14                                               0.000     0.000 r  clk (IN)
                         net (fo=0)                   0.000     0.000    clk
    U14                  IBUF (Prop_ibuf_I_O)         1.075     1.075 r  clk_IBUF_inst/O
                         net (fo=1, routed)           2.205     3.280    clk_IBUF
    BUFGCTRL_X0Y16       BUFG (Prop_bufg_I_O)         0.101     3.381 r  clk_IBUF_BUFG_inst/O
                         net (fo=83, routed)          1.652     5.033    clk_IBUF_BUFG
    SLICE_X36Y27         FDCE                                         r  sum_reg_reg[5]/C
  -------------------------------------------------------------------    -------------------
    SLICE_X36Y27         FDCE (Prop_fdce_C_Q)         0.518     5.551 r  sum_reg_reg[5]/Q
                         net (fo=1, routed)           0.410     5.961    sum_reg[5]
    DSP48_X2Y10          DSP48E1                                      r  prod_reg0/A[5]
  -------------------------------------------------------------------    -------------------

                         (clock sys_clk rise edge)    8.000     8.000 r  
    U14                                               0.000     8.000 r  clk (IN)
                         net (fo=0)                   0.000     8.000    clk
    U14                  IBUF (Prop_ibuf_I_O)         0.940     8.940 r  clk_IBUF_inst/O
                         net (fo=1, routed)           2.006    10.946    clk_IBUF
    BUFGCTRL_X0Y16       BUFG (Prop_bufg_I_O)         0.091    11.037 r  clk_IBUF_BUFG_inst/O
                         net (fo=83, routed)          1.571    12.608    clk_IBUF_BUFG
    DSP48_X2Y10          DSP48E1                                      r  prod_reg0/CLK
                         clock pessimism              0.458    13.066    
                         clock uncertainty           -0.035    13.031    
    DSP48_X2Y10          DSP48E1 (Setup_dsp48e1_CLK_A[5])
                                                     -3.722     9.309    prod_reg0
  -------------------------------------------------------------------
                         required time                          9.309    
                         arrival time                          -5.961    
  -------------------------------------------------------------------
                         slack                                  3.348    

Slack (MET) :             3.349ns  (required time - arrival time)
  Source:                 sum_reg_reg[1]/C
                            (rising edge-triggered cell FDCE clocked by sys_clk  {rise@0.000ns fall@4.000ns period=8.000ns})
  Destination:            prod_reg0/A[1]
                            (rising edge-triggered cell DSP48E1 clocked by sys_clk  {rise@0.000ns fall@4.000ns period=8.000ns})
  Path Group:             sys_clk
  Path Type:              Setup (Max at Slow Process Corner)
  Requirement:            8.000ns  (sys_clk rise@8.000ns - sys_clk rise@0.000ns)
  Data Path Delay:        0.928ns  (logic 0.518ns (55.803%)  route 0.410ns (44.197%))
  Logic Levels:           0  
  Clock Path Skew:        0.035ns (DCD - SCD + CPR)
    Destination Clock Delay (DCD):    4.608ns = ( 12.608 - 8.000 ) 
    Source Clock Delay      (SCD):    5.032ns
    Clock Pessimism Removal (CPR):    0.458ns
  Clock Uncertainty:      0.035ns  ((TSJ^2 + TIJ^2)^1/2 + DJ) / 2 + PE
    Total System Jitter     (TSJ):    0.071ns
    Total Input Jitter      (TIJ):    0.000ns
    Discrete Jitter          (DJ):    0.000ns
    Phase Error              (PE):    0.000ns

    Location             Delay type                Incr(ns)  Path(ns)    Netlist Resource(s)
  -------------------------------------------------------------------    -------------------
                         (clock sys_clk rise edge)    0.000     0.000 r  
    U14                                               0.000     0.000 r  clk (IN)
                         net (fo=0)                   0.000     0.000    clk
    U14                  IBUF (Prop_ibuf_I_O)         1.075     1.075 r  clk_IBUF_inst/O
                         net (fo=1, routed)           2.205     3.280    clk_IBUF
    BUFGCTRL_X0Y16       BUFG (Prop_bufg_I_O)         0.101     3.381 r  clk_IBUF_BUFG_inst/O
                         net (fo=83, routed)          1.651     5.032    clk_IBUF_BUFG
    SLICE_X36Y26         FDCE                                         r  sum_reg_reg[1]/C
  -------------------------------------------------------------------    -------------------
    SLICE_X36Y26         FDCE (Prop_fdce_C_Q)         0.518     5.550 r  sum_reg_reg[1]/Q
                         net (fo=1, routed)           0.410     5.960    sum_reg[1]
    DSP48_X2Y10          DSP48E1                                      r  prod_reg0/A[1]
  -------------------------------------------------------------------    -------------------

                         (clock sys_clk rise edge)    8.000     8.000 r  
    U14                                               0.000     8.000 r  clk (IN)
                         net (fo=0)                   0.000     8.000    clk
    U14                  IBUF (Prop_ibuf_I_O)         0.940     8.940 r  clk_IBUF_inst/O
                         net (fo=1, routed)           2.006    10.946    clk_IBUF
    BUFGCTRL_X0Y16       BUFG (Prop_bufg_I_O)         0.091    11.037 r  clk_IBUF_BUFG_inst/O
                         net (fo=83, routed)          1.571    12.608    clk_IBUF_BUFG
    DSP48_X2Y10          DSP48E1                                      r  prod_reg0/CLK
                         clock pessimism              0.458    13.066    
                         clock uncertainty           -0.035    13.031    
    DSP48_X2Y10          DSP48E1 (Setup_dsp48e1_CLK_A[1])
                                                     -3.722     9.309    prod_reg0
  -------------------------------------------------------------------
                         required time                          9.309    
                         arrival time                          -5.960    
  -------------------------------------------------------------------
                         slack                                  3.349    

Slack (MET) :             3.353ns  (required time - arrival time)
  Source:                 sum_reg_reg[8]/C
                            (rising edge-triggered cell FDCE clocked by sys_clk  {rise@0.000ns fall@4.000ns period=8.000ns})
  Destination:            prod_reg0/A[8]
                            (rising edge-triggered cell DSP48E1 clocked by sys_clk  {rise@0.000ns fall@4.000ns period=8.000ns})
  Path Group:             sys_clk
  Path Type:              Setup (Max at Slow Process Corner)
  Requirement:            8.000ns  (sys_clk rise@8.000ns - sys_clk rise@0.000ns)
  Data Path Delay:        0.920ns  (logic 0.518ns (56.277%)  route 0.402ns (43.723%))
  Logic Levels:           0  
  Clock Path Skew:        0.031ns (DCD - SCD + CPR)
    Destination Clock Delay (DCD):    4.608ns = ( 12.608 - 8.000 ) 
    Source Clock Delay      (SCD):    5.036ns
    Clock Pessimism Removal (CPR):    0.458ns
  Clock Uncertainty:      0.035ns  ((TSJ^2 + TIJ^2)^1/2 + DJ) / 2 + PE
    Total System Jitter     (TSJ):    0.071ns
    Total Input Jitter      (TIJ):    0.000ns
    Discrete Jitter          (DJ):    0.000ns
    Phase Error              (PE):    0.000ns

    Location             Delay type                Incr(ns)  Path(ns)    Netlist Resource(s)
  -------------------------------------------------------------------    -------------------
                         (clock sys_clk rise edge)    0.000     0.000 r  
    U14                                               0.000     0.000 r  clk (IN)
                         net (fo=0)                   0.000     0.000    clk
    U14                  IBUF (Prop_ibuf_I_O)         1.075     1.075 r  clk_IBUF_inst/O
                         net (fo=1, routed)           2.205     3.280    clk_IBUF
    BUFGCTRL_X0Y16       BUFG (Prop_bufg_I_O)         0.101     3.381 r  clk_IBUF_BUFG_inst/O
                         net (fo=83, routed)          1.655     5.036    clk_IBUF_BUFG
    SLICE_X36Y28         FDCE                                         r  sum_reg_reg[8]/C
  -------------------------------------------------------------------    -------------------
    SLICE_X36Y28         FDCE (Prop_fdce_C_Q)         0.518     5.554 r  sum_reg_reg[8]/Q
                         net (fo=1, routed)           0.402     5.956    sum_reg[8]
    DSP48_X2Y10          DSP48E1                                      r  prod_reg0/A[8]
  -------------------------------------------------------------------    -------------------

                         (clock sys_clk rise edge)    8.000     8.000 r  
    U14                                               0.000     8.000 r  clk (IN)
                         net (fo=0)                   0.000     8.000    clk
    U14                  IBUF (Prop_ibuf_I_O)         0.940     8.940 r  clk_IBUF_inst/O
                         net (fo=1, routed)           2.006    10.946    clk_IBUF
    BUFGCTRL_X0Y16       BUFG (Prop_bufg_I_O)         0.091    11.037 r  clk_IBUF_BUFG_inst/O
                         net (fo=83, routed)          1.571    12.608    clk_IBUF_BUFG
    DSP48_X2Y10          DSP48E1                                      r  prod_reg0/CLK
                         clock pessimism              0.458    13.066    
                         clock uncertainty           -0.035    13.031    
    DSP48_X2Y10          DSP48E1 (Setup_dsp48e1_CLK_A[8])
                                                     -3.722     9.309    prod_reg0
  -------------------------------------------------------------------
                         required time                          9.309    
                         arrival time                          -5.956    
  -------------------------------------------------------------------
                         slack                                  3.353    

Slack (MET) :             3.356ns  (required time - arrival time)
  Source:                 sum_reg_reg[4]/C
                            (rising edge-triggered cell FDCE clocked by sys_clk  {rise@0.000ns fall@4.000ns period=8.000ns})
  Destination:            prod_reg0/A[4]
                            (rising edge-triggered cell DSP48E1 clocked by sys_clk  {rise@0.000ns fall@4.000ns period=8.000ns})
  Path Group:             sys_clk
  Path Type:              Setup (Max at Slow Process Corner)
  Requirement:            8.000ns  (sys_clk rise@8.000ns - sys_clk rise@0.000ns)
  Data Path Delay:        0.920ns  (logic 0.518ns (56.277%)  route 0.402ns (43.723%))
  Logic Levels:           0  
  Clock Path Skew:        0.034ns (DCD - SCD + CPR)
    Destination Clock Delay (DCD):    4.608ns = ( 12.608 - 8.000 ) 
    Source Clock Delay      (SCD):    5.033ns
    Clock Pessimism Removal (CPR):    0.458ns
  Clock Uncertainty:      0.035ns  ((TSJ^2 + TIJ^2)^1/2 + DJ) / 2 + PE
    Total System Jitter     (TSJ):    0.071ns
    Total Input Jitter      (TIJ):    0.000ns
    Discrete Jitter          (DJ):    0.000ns
    Phase Error              (PE):    0.000ns

    Location             Delay type                Incr(ns)  Path(ns)    Netlist Resource(s)
  -------------------------------------------------------------------    -------------------
                         (clock sys_clk rise edge)    0.000     0.000 r  
    U14                                               0.000     0.000 r  clk (IN)
                         net (fo=0)                   0.000     0.000    clk
    U14                  IBUF (Prop_ibuf_I_O)         1.075     1.075 r  clk_IBUF_inst/O
                         net (fo=1, routed)           2.205     3.280    clk_IBUF
    BUFGCTRL_X0Y16       BUFG (Prop_bufg_I_O)         0.101     3.381 r  clk_IBUF_BUFG_inst/O
                         net (fo=83, routed)          1.652     5.033    clk_IBUF_BUFG
    SLICE_X36Y27         FDCE                                         r  sum_reg_reg[4]/C
  -------------------------------------------------------------------    -------------------
    SLICE_X36Y27         FDCE (Prop_fdce_C_Q)         0.518     5.551 r  sum_reg_reg[4]/Q
                         net (fo=1, routed)           0.402     5.953    sum_reg[4]
    DSP48_X2Y10          DSP48E1                                      r  prod_reg0/A[4]
  -------------------------------------------------------------------    -------------------

                         (clock sys_clk rise edge)    8.000     8.000 r  
    U14                                               0.000     8.000 r  clk (IN)
                         net (fo=0)                   0.000     8.000    clk
    U14                  IBUF (Prop_ibuf_I_O)         0.940     8.940 r  clk_IBUF_inst/O
                         net (fo=1, routed)           2.006    10.946    clk_IBUF
    BUFGCTRL_X0Y16       BUFG (Prop_bufg_I_O)         0.091    11.037 r  clk_IBUF_BUFG_inst/O
                         net (fo=83, routed)          1.571    12.608    clk_IBUF_BUFG
    DSP48_X2Y10          DSP48E1                                      r  prod_reg0/CLK
                         clock pessimism              0.458    13.066    
                         clock uncertainty           -0.035    13.031    
    DSP48_X2Y10          DSP48E1 (Setup_dsp48e1_CLK_A[4])
                                                     -3.722     9.309    prod_reg0
  -------------------------------------------------------------------
                         required time                          9.309    
                         arrival time                          -5.953    
  -------------------------------------------------------------------
                         slack                                  3.356    

Slack (MET) :             3.357ns  (required time - arrival time)
  Source:                 sum_reg_reg[0]/C
                            (rising edge-triggered cell FDCE clocked by sys_clk  {rise@0.000ns fall@4.000ns period=8.000ns})
  Destination:            prod_reg0/A[0]
                            (rising edge-triggered cell DSP48E1 clocked by sys_clk  {rise@0.000ns fall@4.000ns period=8.000ns})
  Path Group:             sys_clk
  Path Type:              Setup (Max at Slow Process Corner)
  Requirement:            8.000ns  (sys_clk rise@8.000ns - sys_clk rise@0.000ns)
  Data Path Delay:        0.920ns  (logic 0.518ns (56.277%)  route 0.402ns (43.723%))
  Logic Levels:           0  
  Clock Path Skew:        0.035ns (DCD - SCD + CPR)
    Destination Clock Delay (DCD):    4.608ns = ( 12.608 - 8.000 ) 
    Source Clock Delay      (SCD):    5.032ns
    Clock Pessimism Removal (CPR):    0.458ns
  Clock Uncertainty:      0.035ns  ((TSJ^2 + TIJ^2)^1/2 + DJ) / 2 + PE
    Total System Jitter     (TSJ):    0.071ns
    Total Input Jitter      (TIJ):    0.000ns
    Discrete Jitter          (DJ):    0.000ns
    Phase Error              (PE):    0.000ns

    Location             Delay type                Incr(ns)  Path(ns)    Netlist Resource(s)
  -------------------------------------------------------------------    -------------------
                         (clock sys_clk rise edge)    0.000     0.000 r  
    U14                                               0.000     0.000 r  clk (IN)
                         net (fo=0)                   0.000     0.000    clk
    U14                  IBUF (Prop_ibuf_I_O)         1.075     1.075 r  clk_IBUF_inst/O
                         net (fo=1, routed)           2.205     3.280    clk_IBUF
    BUFGCTRL_X0Y16       BUFG (Prop_bufg_I_O)         0.101     3.381 r  clk_IBUF_BUFG_inst/O
                         net (fo=83, routed)          1.651     5.032    clk_IBUF_BUFG
    SLICE_X36Y26         FDCE                                         r  sum_reg_reg[0]/C
  -------------------------------------------------------------------    -------------------
    SLICE_X36Y26         FDCE (Prop_fdce_C_Q)         0.518     5.550 r  sum_reg_reg[0]/Q
                         net (fo=1, routed)           0.402     5.952    sum_reg[0]
    DSP48_X2Y10          DSP48E1                                      r  prod_reg0/A[0]
  -------------------------------------------------------------------    -------------------

                         (clock sys_clk rise edge)    8.000     8.000 r  
    U14                                               0.000     8.000 r  clk (IN)
                         net (fo=0)                   0.000     8.000    clk
    U14                  IBUF (Prop_ibuf_I_O)         0.940     8.940 r  clk_IBUF_inst/O
                         net (fo=1, routed)           2.006    10.946    clk_IBUF
    BUFGCTRL_X0Y16       BUFG (Prop_bufg_I_O)         0.091    11.037 r  clk_IBUF_BUFG_inst/O
                         net (fo=83, routed)          1.571    12.608    clk_IBUF_BUFG
    DSP48_X2Y10          DSP48E1                                      r  prod_reg0/CLK
                         clock pessimism              0.458    13.066    
                         clock uncertainty           -0.035    13.031    
    DSP48_X2Y10          DSP48E1 (Setup_dsp48e1_CLK_A[0])
                                                     -3.722     9.309    prod_reg0
  -------------------------------------------------------------------
                         required time                          9.309    
                         arrival time                          -5.952    
  -------------------------------------------------------------------
                         slack                                  3.357    

Slack (MET) :             3.382ns  (required time - arrival time)
  Source:                 c_s1_reg[7]/C
                            (rising edge-triggered cell FDCE clocked by sys_clk  {rise@0.000ns fall@4.000ns period=8.000ns})
  Destination:            prod_reg0/B[7]
                            (rising edge-triggered cell DSP48E1 clocked by sys_clk  {rise@0.000ns fall@4.000ns period=8.000ns})
  Path Group:             sys_clk
  Path Type:              Setup (Max at Slow Process Corner)
  Requirement:            8.000ns  (sys_clk rise@8.000ns - sys_clk rise@0.000ns)
  Data Path Delay:        0.939ns  (logic 0.419ns (44.613%)  route 0.520ns (55.387%))
  Logic Levels:           0  
  Clock Path Skew:        0.068ns (DCD - SCD + CPR)
    Destination Clock Delay (DCD):    4.608ns = ( 12.608 - 8.000 ) 
    Source Clock Delay      (SCD):    5.032ns
    Clock Pessimism Removal (CPR):    0.491ns
  Clock Uncertainty:      0.035ns  ((TSJ^2 + TIJ^2)^1/2 + DJ) / 2 + PE
    Total System Jitter     (TSJ):    0.071ns
    Total Input Jitter      (TIJ):    0.000ns
    Discrete Jitter          (DJ):    0.000ns
    Phase Error              (PE):    0.000ns

    Location             Delay type                Incr(ns)  Path(ns)    Netlist Resource(s)
  -------------------------------------------------------------------    -------------------
                         (clock sys_clk rise edge)    0.000     0.000 r  
    U14                                               0.000     0.000 r  clk (IN)
                         net (fo=0)                   0.000     0.000    clk
    U14                  IBUF (Prop_ibuf_I_O)         1.075     1.075 r  clk_IBUF_inst/O
                         net (fo=1, routed)           2.205     3.280    clk_IBUF
    BUFGCTRL_X0Y16       BUFG (Prop_bufg_I_O)         0.101     3.381 r  clk_IBUF_BUFG_inst/O
                         net (fo=83, routed)          1.651     5.032    clk_IBUF_BUFG
    SLICE_X35Y26         FDCE                                         r  c_s1_reg[7]/C
  -------------------------------------------------------------------    -------------------
    SLICE_X35Y26         FDCE (Prop_fdce_C_Q)         0.419     5.451 r  c_s1_reg[7]/Q
                         net (fo=1, routed)           0.520     5.971    c_s1[7]
    DSP48_X2Y10          DSP48E1                                      r  prod_reg0/B[7]
  -------------------------------------------------------------------    -------------------

                         (clock sys_clk rise edge)    8.000     8.000 r  
    U14                                               0.000     8.000 r  clk (IN)
                         net (fo=0)                   0.000     8.000    clk
    U14                  IBUF (Prop_ibuf_I_O)         0.940     8.940 r  clk_IBUF_inst/O
                         net (fo=1, routed)           2.006    10.946    clk_IBUF
    BUFGCTRL_X0Y16       BUFG (Prop_bufg_I_O)         0.091    11.037 r  clk_IBUF_BUFG_inst/O
                         net (fo=83, routed)          1.571    12.608    clk_IBUF_BUFG
    DSP48_X2Y10          DSP48E1                                      r  prod_reg0/CLK
                         clock pessimism              0.491    13.099    
                         clock uncertainty           -0.035    13.064    
    DSP48_X2Y10          DSP48E1 (Setup_dsp48e1_CLK_B[7])
                                                     -3.711     9.353    prod_reg0
  -------------------------------------------------------------------
                         required time                          9.353    
                         arrival time                          -5.971    
  -------------------------------------------------------------------
                         slack                                  3.382    





Min Delay Paths
--------------------------------------------------------------------------------------
Slack (MET) :             0.179ns  (arrival time - required time)
  Source:                 d_reg_reg[1]/C
                            (rising edge-triggered cell FDCE clocked by sys_clk  {rise@0.000ns fall@4.000ns period=8.000ns})
  Destination:            d_s1_reg[1]/D
                            (rising edge-triggered cell FDCE clocked by sys_clk  {rise@0.000ns fall@4.000ns period=8.000ns})
  Path Group:             sys_clk
  Path Type:              Hold (Min at Fast Process Corner)
  Requirement:            0.000ns  (sys_clk rise@0.000ns - sys_clk rise@0.000ns)
  Data Path Delay:        0.251ns  (logic 0.141ns (56.174%)  route 0.110ns (43.826%))
  Logic Levels:           0  
  Clock Path Skew:        0.000ns (DCD - SCD - CPR)
    Destination Clock Delay (DCD):    2.066ns
    Source Clock Delay      (SCD):    1.553ns
    Clock Pessimism Removal (CPR):    0.513ns

    Location             Delay type                Incr(ns)  Path(ns)    Netlist Resource(s)
  -------------------------------------------------------------------    -------------------
                         (clock sys_clk rise edge)    0.000     0.000 r  
    U14                                               0.000     0.000 r  clk (IN)
                         net (fo=0)                   0.000     0.000    clk
    U14                  IBUF (Prop_ibuf_I_O)         0.302     0.302 r  clk_IBUF_inst/O
                         net (fo=1, routed)           0.674     0.976    clk_IBUF
    BUFGCTRL_X0Y16       BUFG (Prop_bufg_I_O)         0.026     1.002 r  clk_IBUF_BUFG_inst/O
                         net (fo=83, routed)          0.551     1.553    clk_IBUF_BUFG
    SLICE_X35Y25         FDCE                                         r  d_reg_reg[1]/C
  -------------------------------------------------------------------    -------------------
    SLICE_X35Y25         FDCE (Prop_fdce_C_Q)         0.141     1.694 r  d_reg_reg[1]/Q
                         net (fo=1, routed)           0.110     1.804    d_reg[1]
    SLICE_X35Y25         FDCE                                         r  d_s1_reg[1]/D
  -------------------------------------------------------------------    -------------------

                         (clock sys_clk rise edge)    0.000     0.000 r  
    U14                                               0.000     0.000 r  clk (IN)
                         net (fo=0)                   0.000     0.000    clk
    U14                  IBUF (Prop_ibuf_I_O)         0.492     0.492 r  clk_IBUF_inst/O
                         net (fo=1, routed)           0.731     1.223    clk_IBUF
    BUFGCTRL_X0Y16       BUFG (Prop_bufg_I_O)         0.029     1.252 r  clk_IBUF_BUFG_inst/O
                         net (fo=83, routed)          0.814     2.066    clk_IBUF_BUFG
    SLICE_X35Y25         FDCE                                         r  d_s1_reg[1]/C
                         clock pessimism             -0.513     1.553    
    SLICE_X35Y25         FDCE (Hold_fdce_C_D)         0.072     1.625    d_s1_reg[1]
  -------------------------------------------------------------------
                         required time                         -1.625    
                         arrival time                           1.804    
  -------------------------------------------------------------------
                         slack                                  0.179    

Slack (MET) :             0.183ns  (arrival time - required time)
  Source:                 b_reg_reg[3]/C
                            (rising edge-triggered cell FDCE clocked by sys_clk  {rise@0.000ns fall@4.000ns period=8.000ns})
  Destination:            sum_reg_reg[3]/D
                            (rising edge-triggered cell FDCE clocked by sys_clk  {rise@0.000ns fall@4.000ns period=8.000ns})
  Path Group:             sys_clk
  Path Type:              Hold (Min at Fast Process Corner)
  Requirement:            0.000ns  (sys_clk rise@0.000ns - sys_clk rise@0.000ns)
  Data Path Delay:        0.330ns  (logic 0.250ns (75.734%)  route 0.080ns (24.266%))
  Logic Levels:           2  (CARRY4=1 LUT2=1)
  Clock Path Skew:        0.013ns (DCD - SCD - CPR)
    Destination Clock Delay (DCD):    2.066ns
    Source Clock Delay      (SCD):    1.552ns
    Clock Pessimism Removal (CPR):    0.501ns

    Location             Delay type                Incr(ns)  Path(ns)    Netlist Resource(s)
  -------------------------------------------------------------------    -------------------
                         (clock sys_clk rise edge)    0.000     0.000 r  
    U14                                               0.000     0.000 r  clk (IN)
                         net (fo=0)                   0.000     0.000    clk
    U14                  IBUF (Prop_ibuf_I_O)         0.302     0.302 r  clk_IBUF_inst/O
                         net (fo=1, routed)           0.674     0.976    clk_IBUF
    BUFGCTRL_X0Y16       BUFG (Prop_bufg_I_O)         0.026     1.002 r  clk_IBUF_BUFG_inst/O
                         net (fo=83, routed)          0.550     1.552    clk_IBUF_BUFG
    SLICE_X37Y26         FDCE                                         r  b_reg_reg[3]/C
  -------------------------------------------------------------------    -------------------
    SLICE_X37Y26         FDCE (Prop_fdce_C_Q)         0.141     1.693 r  b_reg_reg[3]/Q
                         net (fo=1, routed)           0.080     1.773    b_reg[3]
    SLICE_X36Y26         LUT2 (Prop_lut2_I1_O)        0.045     1.818 r  sum_reg[3]_i_2/O
                         net (fo=1, routed)           0.000     1.818    sum_reg[3]_i_2_n_0
    SLICE_X36Y26         CARRY4 (Prop_carry4_S[3]_O[3])
                                                      0.064     1.882 r  sum_reg_reg[3]_i_1/O[3]
                         net (fo=1, routed)           0.000     1.882    p_0_in[3]
    SLICE_X36Y26         FDCE                                         r  sum_reg_reg[3]/D
  -------------------------------------------------------------------    -------------------

                         (clock sys_clk rise edge)    0.000     0.000 r  
    U14                                               0.000     0.000 r  clk (IN)
                         net (fo=0)                   0.000     0.000    clk
    U14                  IBUF (Prop_ibuf_I_O)         0.492     0.492 r  clk_IBUF_inst/O
                         net (fo=1, routed)           0.731     1.223    clk_IBUF
    BUFGCTRL_X0Y16       BUFG (Prop_bufg_I_O)         0.029     1.252 r  clk_IBUF_BUFG_inst/O
                         net (fo=83, routed)          0.814     2.066    clk_IBUF_BUFG
    SLICE_X36Y26         FDCE                                         r  sum_reg_reg[3]/C
                         clock pessimism             -0.501     1.565    
    SLICE_X36Y26         FDCE (Hold_fdce_C_D)         0.134     1.699    sum_reg_reg[3]
  -------------------------------------------------------------------
                         required time                         -1.699    
                         arrival time                           1.882    
  -------------------------------------------------------------------
                         slack                                  0.183    

Slack (MET) :             0.183ns  (arrival time - required time)
  Source:                 b_reg_reg[7]/C
                            (rising edge-triggered cell FDCE clocked by sys_clk  {rise@0.000ns fall@4.000ns period=8.000ns})
  Destination:            sum_reg_reg[7]/D
                            (rising edge-triggered cell FDCE clocked by sys_clk  {rise@0.000ns fall@4.000ns period=8.000ns})
  Path Group:             sys_clk
  Path Type:              Hold (Min at Fast Process Corner)
  Requirement:            0.000ns  (sys_clk rise@0.000ns - sys_clk rise@0.000ns)
  Data Path Delay:        0.330ns  (logic 0.250ns (75.734%)  route 0.080ns (24.266%))
  Logic Levels:           2  (CARRY4=1 LUT2=1)
  Clock Path Skew:        0.013ns (DCD - SCD - CPR)
    Destination Clock Delay (DCD):    2.068ns
    Source Clock Delay      (SCD):    1.554ns
    Clock Pessimism Removal (CPR):    0.501ns

    Location             Delay type                Incr(ns)  Path(ns)    Netlist Resource(s)
  -------------------------------------------------------------------    -------------------
                         (clock sys_clk rise edge)    0.000     0.000 r  
    U14                                               0.000     0.000 r  clk (IN)
                         net (fo=0)                   0.000     0.000    clk
    U14                  IBUF (Prop_ibuf_I_O)         0.302     0.302 r  clk_IBUF_inst/O
                         net (fo=1, routed)           0.674     0.976    clk_IBUF
    BUFGCTRL_X0Y16       BUFG (Prop_bufg_I_O)         0.026     1.002 r  clk_IBUF_BUFG_inst/O
                         net (fo=83, routed)          0.552     1.554    clk_IBUF_BUFG
    SLICE_X37Y27         FDCE                                         r  b_reg_reg[7]/C
  -------------------------------------------------------------------    -------------------
    SLICE_X37Y27         FDCE (Prop_fdce_C_Q)         0.141     1.695 r  b_reg_reg[7]/Q
                         net (fo=1, routed)           0.080     1.775    b_reg[7]
    SLICE_X36Y27         LUT2 (Prop_lut2_I1_O)        0.045     1.820 r  sum_reg[7]_i_2/O
                         net (fo=1, routed)           0.000     1.820    sum_reg[7]_i_2_n_0
    SLICE_X36Y27         CARRY4 (Prop_carry4_S[3]_O[3])
                                                      0.064     1.884 r  sum_reg_reg[7]_i_1/O[3]
                         net (fo=1, routed)           0.000     1.884    p_0_in[7]
    SLICE_X36Y27         FDCE                                         r  sum_reg_reg[7]/D
  -------------------------------------------------------------------    -------------------

                         (clock sys_clk rise edge)    0.000     0.000 r  
    U14                                               0.000     0.000 r  clk (IN)
                         net (fo=0)                   0.000     0.000    clk
    U14                  IBUF (Prop_ibuf_I_O)         0.492     0.492 r  clk_IBUF_inst/O
                         net (fo=1, routed)           0.731     1.223    clk_IBUF
    BUFGCTRL_X0Y16       BUFG (Prop_bufg_I_O)         0.029     1.252 r  clk_IBUF_BUFG_inst/O
                         net (fo=83, routed)          0.816     2.068    clk_IBUF_BUFG
    SLICE_X36Y27         FDCE                                         r  sum_reg_reg[7]/C
                         clock pessimism             -0.501     1.567    
    SLICE_X36Y27         FDCE (Hold_fdce_C_D)         0.134     1.701    sum_reg_reg[7]
  -------------------------------------------------------------------
                         required time                         -1.701    
                         arrival time                           1.884    
  -------------------------------------------------------------------
                         slack                                  0.183    

Slack (MET) :             0.187ns  (arrival time - required time)
  Source:                 d_reg_reg[4]/C
                            (rising edge-triggered cell FDCE clocked by sys_clk  {rise@0.000ns fall@4.000ns period=8.000ns})
  Destination:            d_s1_reg[4]/D
                            (rising edge-triggered cell FDCE clocked by sys_clk  {rise@0.000ns fall@4.000ns period=8.000ns})
  Path Group:             sys_clk
  Path Type:              Hold (Min at Fast Process Corner)
  Requirement:            0.000ns  (sys_clk rise@0.000ns - sys_clk rise@0.000ns)
  Data Path Delay:        0.274ns  (logic 0.164ns (59.816%)  route 0.110ns (40.184%))
  Logic Levels:           0  
  Clock Path Skew:        0.011ns (DCD - SCD - CPR)
    Destination Clock Delay (DCD):    2.067ns
    Source Clock Delay      (SCD):    1.556ns
    Clock Pessimism Removal (CPR):    0.500ns

    Location             Delay type                Incr(ns)  Path(ns)    Netlist Resource(s)
  -------------------------------------------------------------------    -------------------
                         (clock sys_clk rise edge)    0.000     0.000 r  
    U14                                               0.000     0.000 r  clk (IN)
                         net (fo=0)                   0.000     0.000    clk
    U14                  IBUF (Prop_ibuf_I_O)         0.302     0.302 r  clk_IBUF_inst/O
                         net (fo=1, routed)           0.674     0.976    clk_IBUF
    BUFGCTRL_X0Y16       BUFG (Prop_bufg_I_O)         0.026     1.002 r  clk_IBUF_BUFG_inst/O
                         net (fo=83, routed)          0.554     1.556    clk_IBUF_BUFG
    SLICE_X32Y27         FDCE                                         r  d_reg_reg[4]/C
  -------------------------------------------------------------------    -------------------
    SLICE_X32Y27         FDCE (Prop_fdce_C_Q)         0.164     1.720 r  d_reg_reg[4]/Q
                         net (fo=1, routed)           0.110     1.830    d_reg[4]
    SLICE_X32Y26         FDCE                                         r  d_s1_reg[4]/D
  -------------------------------------------------------------------    -------------------

                         (clock sys_clk rise edge)    0.000     0.000 r  
    U14                                               0.000     0.000 r  clk (IN)
                         net (fo=0)                   0.000     0.000    clk
    U14                  IBUF (Prop_ibuf_I_O)         0.492     0.492 r  clk_IBUF_inst/O
                         net (fo=1, routed)           0.731     1.223    clk_IBUF
    BUFGCTRL_X0Y16       BUFG (Prop_bufg_I_O)         0.029     1.252 r  clk_IBUF_BUFG_inst/O
                         net (fo=83, routed)          0.815     2.067    clk_IBUF_BUFG
    SLICE_X32Y26         FDCE                                         r  d_s1_reg[4]/C
                         clock pessimism             -0.500     1.567    
    SLICE_X32Y26         FDCE (Hold_fdce_C_D)         0.076     1.643    d_s1_reg[4]
  -------------------------------------------------------------------
                         required time                         -1.643    
                         arrival time                           1.830    
  -------------------------------------------------------------------
                         slack                                  0.187    

Slack (MET) :             0.196ns  (arrival time - required time)
  Source:                 b_reg_reg[0]/C
                            (rising edge-triggered cell FDCE clocked by sys_clk  {rise@0.000ns fall@4.000ns period=8.000ns})
  Destination:            sum_reg_reg[0]/D
                            (rising edge-triggered cell FDCE clocked by sys_clk  {rise@0.000ns fall@4.000ns period=8.000ns})
  Path Group:             sys_clk
  Path Type:              Hold (Min at Fast Process Corner)
  Requirement:            0.000ns  (sys_clk rise@0.000ns - sys_clk rise@0.000ns)
  Data Path Delay:        0.343ns  (logic 0.256ns (74.613%)  route 0.087ns (25.387%))
  Logic Levels:           2  (CARRY4=1 LUT2=1)
  Clock Path Skew:        0.013ns (DCD - SCD - CPR)
    Destination Clock Delay (DCD):    2.066ns
    Source Clock Delay      (SCD):    1.552ns
    Clock Pessimism Removal (CPR):    0.501ns

    Location             Delay type                Incr(ns)  Path(ns)    Netlist Resource(s)
  -------------------------------------------------------------------    -------------------
                         (clock sys_clk rise edge)    0.000     0.000 r  
    U14                                               0.000     0.000 r  clk (IN)
                         net (fo=0)                   0.000     0.000    clk
    U14                  IBUF (Prop_ibuf_I_O)         0.302     0.302 r  clk_IBUF_inst/O
                         net (fo=1, routed)           0.674     0.976    clk_IBUF
    BUFGCTRL_X0Y16       BUFG (Prop_bufg_I_O)         0.026     1.002 r  clk_IBUF_BUFG_inst/O
                         net (fo=83, routed)          0.550     1.552    clk_IBUF_BUFG
    SLICE_X37Y26         FDCE                                         r  b_reg_reg[0]/C
  -------------------------------------------------------------------    -------------------
    SLICE_X37Y26         FDCE (Prop_fdce_C_Q)         0.141     1.693 r  b_reg_reg[0]/Q
                         net (fo=1, routed)           0.087     1.780    b_reg[0]
    SLICE_X36Y26         LUT2 (Prop_lut2_I1_O)        0.045     1.825 r  sum_reg[3]_i_5/O
                         net (fo=1, routed)           0.000     1.825    sum_reg[3]_i_5_n_0
    SLICE_X36Y26         CARRY4 (Prop_carry4_S[0]_O[0])
                                                      0.070     1.895 r  sum_reg_reg[3]_i_1/O[0]
                         net (fo=1, routed)           0.000     1.895    p_0_in[0]
    SLICE_X36Y26         FDCE                                         r  sum_reg_reg[0]/D
  -------------------------------------------------------------------    -------------------

                         (clock sys_clk rise edge)    0.000     0.000 r  
    U14                                               0.000     0.000 r  clk (IN)
                         net (fo=0)                   0.000     0.000    clk
    U14                  IBUF (Prop_ibuf_I_O)         0.492     0.492 r  clk_IBUF_inst/O
                         net (fo=1, routed)           0.731     1.223    clk_IBUF
    BUFGCTRL_X0Y16       BUFG (Prop_bufg_I_O)         0.029     1.252 r  clk_IBUF_BUFG_inst/O
                         net (fo=83, routed)          0.814     2.066    clk_IBUF_BUFG
    SLICE_X36Y26         FDCE                                         r  sum_reg_reg[0]/C
                         clock pessimism             -0.501     1.565    
    SLICE_X36Y26         FDCE (Hold_fdce_C_D)         0.134     1.699    sum_reg_reg[0]
  -------------------------------------------------------------------
                         required time                         -1.699    
                         arrival time                           1.895    
  -------------------------------------------------------------------
                         slack                                  0.196    

Slack (MET) :             0.196ns  (arrival time - required time)
  Source:                 b_reg_reg[4]/C
                            (rising edge-triggered cell FDCE clocked by sys_clk  {rise@0.000ns fall@4.000ns period=8.000ns})
  Destination:            sum_reg_reg[4]/D
                            (rising edge-triggered cell FDCE clocked by sys_clk  {rise@0.000ns fall@4.000ns period=8.000ns})
  Path Group:             sys_clk
  Path Type:              Hold (Min at Fast Process Corner)
  Requirement:            0.000ns  (sys_clk rise@0.000ns - sys_clk rise@0.000ns)
  Data Path Delay:        0.343ns  (logic 0.256ns (74.613%)  route 0.087ns (25.387%))
  Logic Levels:           2  (CARRY4=1 LUT2=1)
  Clock Path Skew:        0.013ns (DCD - SCD - CPR)
    Destination Clock Delay (DCD):    2.068ns
    Source Clock Delay      (SCD):    1.554ns
    Clock Pessimism Removal (CPR):    0.501ns

    Location             Delay type                Incr(ns)  Path(ns)    Netlist Resource(s)
  -------------------------------------------------------------------    -------------------
                         (clock sys_clk rise edge)    0.000     0.000 r  
    U14                                               0.000     0.000 r  clk (IN)
                         net (fo=0)                   0.000     0.000    clk
    U14                  IBUF (Prop_ibuf_I_O)         0.302     0.302 r  clk_IBUF_inst/O
                         net (fo=1, routed)           0.674     0.976    clk_IBUF
    BUFGCTRL_X0Y16       BUFG (Prop_bufg_I_O)         0.026     1.002 r  clk_IBUF_BUFG_inst/O
                         net (fo=83, routed)          0.552     1.554    clk_IBUF_BUFG
    SLICE_X37Y27         FDCE                                         r  b_reg_reg[4]/C
  -------------------------------------------------------------------    -------------------
    SLICE_X37Y27         FDCE (Prop_fdce_C_Q)         0.141     1.695 r  b_reg_reg[4]/Q
                         net (fo=1, routed)           0.087     1.782    b_reg[4]
    SLICE_X36Y27         LUT2 (Prop_lut2_I1_O)        0.045     1.827 r  sum_reg[7]_i_5/O
                         net (fo=1, routed)           0.000     1.827    sum_reg[7]_i_5_n_0
    SLICE_X36Y27         CARRY4 (Prop_carry4_S[0]_O[0])
                                                      0.070     1.897 r  sum_reg_reg[7]_i_1/O[0]
                         net (fo=1, routed)           0.000     1.897    p_0_in[4]
    SLICE_X36Y27         FDCE                                         r  sum_reg_reg[4]/D
  -------------------------------------------------------------------    -------------------

                         (clock sys_clk rise edge)    0.000     0.000 r  
    U14                                               0.000     0.000 r  clk (IN)
                         net (fo=0)                   0.000     0.000    clk
    U14                  IBUF (Prop_ibuf_I_O)         0.492     0.492 r  clk_IBUF_inst/O
                         net (fo=1, routed)           0.731     1.223    clk_IBUF
    BUFGCTRL_X0Y16       BUFG (Prop_bufg_I_O)         0.029     1.252 r  clk_IBUF_BUFG_inst/O
                         net (fo=83, routed)          0.816     2.068    clk_IBUF_BUFG
    SLICE_X36Y27         FDCE                                         r  sum_reg_reg[4]/C
                         clock pessimism             -0.501     1.567    
    SLICE_X36Y27         FDCE (Hold_fdce_C_D)         0.134     1.701    sum_reg_reg[4]
  -------------------------------------------------------------------
                         required time                         -1.701    
                         arrival time                           1.897    
  -------------------------------------------------------------------
                         slack                                  0.196    

Slack (MET) :             0.199ns  (arrival time - required time)
  Source:                 d_s1_reg[3]/C
                            (rising edge-triggered cell FDCE clocked by sys_clk  {rise@0.000ns fall@4.000ns period=8.000ns})
  Destination:            d_s2_reg[3]/D
                            (rising edge-triggered cell FDCE clocked by sys_clk  {rise@0.000ns fall@4.000ns period=8.000ns})
  Path Group:             sys_clk
  Path Type:              Hold (Min at Fast Process Corner)
  Requirement:            0.000ns  (sys_clk rise@0.000ns - sys_clk rise@0.000ns)
  Data Path Delay:        0.301ns  (logic 0.164ns (54.416%)  route 0.137ns (45.584%))
  Logic Levels:           0  
  Clock Path Skew:        0.030ns (DCD - SCD - CPR)
    Destination Clock Delay (DCD):    2.066ns
    Source Clock Delay      (SCD):    1.553ns
    Clock Pessimism Removal (CPR):    0.483ns

    Location             Delay type                Incr(ns)  Path(ns)    Netlist Resource(s)
  -------------------------------------------------------------------    -------------------
                         (clock sys_clk rise edge)    0.000     0.000 r  
    U14                                               0.000     0.000 r  clk (IN)
                         net (fo=0)                   0.000     0.000    clk
    U14                  IBUF (Prop_ibuf_I_O)         0.302     0.302 r  clk_IBUF_inst/O
                         net (fo=1, routed)           0.674     0.976    clk_IBUF
    BUFGCTRL_X0Y16       BUFG (Prop_bufg_I_O)         0.026     1.002 r  clk_IBUF_BUFG_inst/O
                         net (fo=83, routed)          0.551     1.553    clk_IBUF_BUFG
    SLICE_X32Y25         FDCE                                         r  d_s1_reg[3]/C
  -------------------------------------------------------------------    -------------------
    SLICE_X32Y25         FDCE (Prop_fdce_C_Q)         0.164     1.717 r  d_s1_reg[3]/Q
                         net (fo=1, routed)           0.137     1.854    d_s1[3]
    SLICE_X33Y24         FDCE                                         r  d_s2_reg[3]/D
  -------------------------------------------------------------------    -------------------

                         (clock sys_clk rise edge)    0.000     0.000 r  
    U14                                               0.000     0.000 r  clk (IN)
                         net (fo=0)                   0.000     0.000    clk
    U14                  IBUF (Prop_ibuf_I_O)         0.492     0.492 r  clk_IBUF_inst/O
                         net (fo=1, routed)           0.731     1.223    clk_IBUF
    BUFGCTRL_X0Y16       BUFG (Prop_bufg_I_O)         0.029     1.252 r  clk_IBUF_BUFG_inst/O
                         net (fo=83, routed)          0.814     2.066    clk_IBUF_BUFG
    SLICE_X33Y24         FDCE                                         r  d_s2_reg[3]/C
                         clock pessimism             -0.483     1.583    
    SLICE_X33Y24         FDCE (Hold_fdce_C_D)         0.072     1.655    d_s2_reg[3]
  -------------------------------------------------------------------
                         required time                         -1.655    
                         arrival time                           1.854    
  -------------------------------------------------------------------
                         slack                                  0.199    

Slack (MET) :             0.201ns  (arrival time - required time)
  Source:                 d_s1_reg[2]/C
                            (rising edge-triggered cell FDCE clocked by sys_clk  {rise@0.000ns fall@4.000ns period=8.000ns})
  Destination:            d_s2_reg[2]/D
                            (rising edge-triggered cell FDCE clocked by sys_clk  {rise@0.000ns fall@4.000ns period=8.000ns})
  Path Group:             sys_clk
  Path Type:              Hold (Min at Fast Process Corner)
  Requirement:            0.000ns  (sys_clk rise@0.000ns - sys_clk rise@0.000ns)
  Data Path Delay:        0.301ns  (logic 0.164ns (54.416%)  route 0.137ns (45.584%))
  Logic Levels:           0  
  Clock Path Skew:        0.030ns (DCD - SCD - CPR)
    Destination Clock Delay (DCD):    2.066ns
    Source Clock Delay      (SCD):    1.553ns
    Clock Pessimism Removal (CPR):    0.483ns

    Location             Delay type                Incr(ns)  Path(ns)    Netlist Resource(s)
  -------------------------------------------------------------------    -------------------
                         (clock sys_clk rise edge)    0.000     0.000 r  
    U14                                               0.000     0.000 r  clk (IN)
                         net (fo=0)                   0.000     0.000    clk
    U14                  IBUF (Prop_ibuf_I_O)         0.302     0.302 r  clk_IBUF_inst/O
                         net (fo=1, routed)           0.674     0.976    clk_IBUF
    BUFGCTRL_X0Y16       BUFG (Prop_bufg_I_O)         0.026     1.002 r  clk_IBUF_BUFG_inst/O
                         net (fo=83, routed)          0.551     1.553    clk_IBUF_BUFG
    SLICE_X32Y25         FDCE                                         r  d_s1_reg[2]/C
  -------------------------------------------------------------------    -------------------
    SLICE_X32Y25         FDCE (Prop_fdce_C_Q)         0.164     1.717 r  d_s1_reg[2]/Q
                         net (fo=1, routed)           0.137     1.854    d_s1[2]
    SLICE_X33Y24         FDCE                                         r  d_s2_reg[2]/D
  -------------------------------------------------------------------    -------------------

                         (clock sys_clk rise edge)    0.000     0.000 r  
    U14                                               0.000     0.000 r  clk (IN)
                         net (fo=0)                   0.000     0.000    clk
    U14                  IBUF (Prop_ibuf_I_O)         0.492     0.492 r  clk_IBUF_inst/O
                         net (fo=1, routed)           0.731     1.223    clk_IBUF
    BUFGCTRL_X0Y16       BUFG (Prop_bufg_I_O)         0.029     1.252 r  clk_IBUF_BUFG_inst/O
                         net (fo=83, routed)          0.814     2.066    clk_IBUF_BUFG
    SLICE_X33Y24         FDCE                                         r  d_s2_reg[2]/C
                         clock pessimism             -0.483     1.583    
    SLICE_X33Y24         FDCE (Hold_fdce_C_D)         0.070     1.653    d_s2_reg[2]
  -------------------------------------------------------------------
                         required time                         -1.653    
                         arrival time                           1.854    
  -------------------------------------------------------------------
                         slack                                  0.201    

Slack (MET) :             0.210ns  (arrival time - required time)
  Source:                 c_reg_reg[1]/C
                            (rising edge-triggered cell FDCE clocked by sys_clk  {rise@0.000ns fall@4.000ns period=8.000ns})
  Destination:            c_s1_reg[1]/D
                            (rising edge-triggered cell FDCE clocked by sys_clk  {rise@0.000ns fall@4.000ns period=8.000ns})
  Path Group:             sys_clk
  Path Type:              Hold (Min at Fast Process Corner)
  Requirement:            0.000ns  (sys_clk rise@0.000ns - sys_clk rise@0.000ns)
  Data Path Delay:        0.269ns  (logic 0.164ns (60.928%)  route 0.105ns (39.072%))
  Logic Levels:           0  
  Clock Path Skew:        0.013ns (DCD - SCD - CPR)
    Destination Clock Delay (DCD):    2.067ns
    Source Clock Delay      (SCD):    1.554ns
    Clock Pessimism Removal (CPR):    0.500ns

    Location             Delay type                Incr(ns)  Path(ns)    Netlist Resource(s)
  -------------------------------------------------------------------    -------------------
                         (clock sys_clk rise edge)    0.000     0.000 r  
    U14                                               0.000     0.000 r  clk (IN)
                         net (fo=0)                   0.000     0.000    clk
    U14                  IBUF (Prop_ibuf_I_O)         0.302     0.302 r  clk_IBUF_inst/O
                         net (fo=1, routed)           0.674     0.976    clk_IBUF
    BUFGCTRL_X0Y16       BUFG (Prop_bufg_I_O)         0.026     1.002 r  clk_IBUF_BUFG_inst/O
                         net (fo=83, routed)          0.552     1.554    clk_IBUF_BUFG
    SLICE_X34Y26         FDCE                                         r  c_reg_reg[1]/C
  -------------------------------------------------------------------    -------------------
    SLICE_X34Y26         FDCE (Prop_fdce_C_Q)         0.164     1.718 r  c_reg_reg[1]/Q
                         net (fo=1, routed)           0.105     1.823    c_reg[1]
    SLICE_X35Y26         FDCE                                         r  c_s1_reg[1]/D
  -------------------------------------------------------------------    -------------------

                         (clock sys_clk rise edge)    0.000     0.000 r  
    U14                                               0.000     0.000 r  clk (IN)
                         net (fo=0)                   0.000     0.000    clk
    U14                  IBUF (Prop_ibuf_I_O)         0.492     0.492 r  clk_IBUF_inst/O
                         net (fo=1, routed)           0.731     1.223    clk_IBUF
    BUFGCTRL_X0Y16       BUFG (Prop_bufg_I_O)         0.029     1.252 r  clk_IBUF_BUFG_inst/O
                         net (fo=83, routed)          0.815     2.067    clk_IBUF_BUFG
    SLICE_X35Y26         FDCE                                         r  c_s1_reg[1]/C
                         clock pessimism             -0.500     1.567    
    SLICE_X35Y26         FDCE (Hold_fdce_C_D)         0.046     1.613    c_s1_reg[1]
  -------------------------------------------------------------------
                         required time                         -1.613    
                         arrival time                           1.823    
  -------------------------------------------------------------------
                         slack                                  0.210    

Slack (MET) :             0.211ns  (arrival time - required time)
  Source:                 c_reg_reg[2]/C
                            (rising edge-triggered cell FDCE clocked by sys_clk  {rise@0.000ns fall@4.000ns period=8.000ns})
  Destination:            c_s1_reg[2]/D
                            (rising edge-triggered cell FDCE clocked by sys_clk  {rise@0.000ns fall@4.000ns period=8.000ns})
  Path Group:             sys_clk
  Path Type:              Hold (Min at Fast Process Corner)
  Requirement:            0.000ns  (sys_clk rise@0.000ns - sys_clk rise@0.000ns)
  Data Path Delay:        0.274ns  (logic 0.164ns (59.853%)  route 0.110ns (40.147%))
  Logic Levels:           0  
  Clock Path Skew:        0.000ns (DCD - SCD - CPR)
    Destination Clock Delay (DCD):    2.066ns
    Source Clock Delay      (SCD):    1.553ns
    Clock Pessimism Removal (CPR):    0.513ns

    Location             Delay type                Incr(ns)  Path(ns)    Netlist Resource(s)
  -------------------------------------------------------------------    -------------------
                         (clock sys_clk rise edge)    0.000     0.000 r  
    U14                                               0.000     0.000 r  clk (IN)
                         net (fo=0)                   0.000     0.000    clk
    U14                  IBUF (Prop_ibuf_I_O)         0.302     0.302 r  clk_IBUF_inst/O
                         net (fo=1, routed)           0.674     0.976    clk_IBUF
    BUFGCTRL_X0Y16       BUFG (Prop_bufg_I_O)         0.026     1.002 r  clk_IBUF_BUFG_inst/O
                         net (fo=83, routed)          0.551     1.553    clk_IBUF_BUFG
    SLICE_X34Y25         FDCE                                         r  c_reg_reg[2]/C
  -------------------------------------------------------------------    -------------------
    SLICE_X34Y25         FDCE (Prop_fdce_C_Q)         0.164     1.717 r  c_reg_reg[2]/Q
                         net (fo=1, routed)           0.110     1.827    c_reg[2]
    SLICE_X34Y25         FDCE                                         r  c_s1_reg[2]/D
  -------------------------------------------------------------------    -------------------

                         (clock sys_clk rise edge)    0.000     0.000 r  
    U14                                               0.000     0.000 r  clk (IN)
                         net (fo=0)                   0.000     0.000    clk
    U14                  IBUF (Prop_ibuf_I_O)         0.492     0.492 r  clk_IBUF_inst/O
                         net (fo=1, routed)           0.731     1.223    clk_IBUF
    BUFGCTRL_X0Y16       BUFG (Prop_bufg_I_O)         0.029     1.252 r  clk_IBUF_BUFG_inst/O
                         net (fo=83, routed)          0.814     2.066    clk_IBUF_BUFG
    SLICE_X34Y25         FDCE                                         r  c_s1_reg[2]/C
                         clock pessimism             -0.513     1.553    
    SLICE_X34Y25         FDCE (Hold_fdce_C_D)         0.063     1.616    c_s1_reg[2]
  -------------------------------------------------------------------
                         required time                         -1.616    
                         arrival time                           1.827    
  -------------------------------------------------------------------
                         slack                                  0.211    





Pulse Width Checks
--------------------------------------------------------------------------------------
Clock Name:         sys_clk
Waveform(ns):       { 0.000 4.000 }
Period(ns):         8.000
Sources:            { clk }

Check Type        Corner  Lib Pin      Reference Pin  Required(ns)  Actual(ns)  Slack(ns)  Location        Pin
Min Period        n/a     BUFG/I       n/a            2.155         8.000       5.845      BUFGCTRL_X0Y16  clk_IBUF_BUFG_inst/I
Min Period        n/a     DSP48E1/CLK  n/a            2.154         8.000       5.846      DSP48_X2Y10     prod_reg0/CLK
Min Period        n/a     FDCE/C       n/a            1.000         8.000       7.000      SLICE_X34Y20    a_reg_reg[0]/C
Min Period        n/a     FDCE/C       n/a            1.000         8.000       7.000      SLICE_X34Y20    a_reg_reg[1]/C
Min Period        n/a     FDCE/C       n/a            1.000         8.000       7.000      SLICE_X34Y20    a_reg_reg[2]/C
Min Period        n/a     FDCE/C       n/a            1.000         8.000       7.000      SLICE_X35Y23    a_reg_reg[3]/C
Min Period        n/a     FDCE/C       n/a            1.000         8.000       7.000      SLICE_X34Y23    a_reg_reg[4]/C
Min Period        n/a     FDCE/C       n/a            1.000         8.000       7.000      SLICE_X34Y23    a_reg_reg[5]/C
Min Period        n/a     FDCE/C       n/a            1.000         8.000       7.000      SLICE_X34Y23    a_reg_reg[6]/C
Min Period        n/a     FDCE/C       n/a            1.000         8.000       7.000      SLICE_X34Y23    a_reg_reg[7]/C
Low Pulse Width   Slow    FDCE/C       n/a            0.500         4.000       3.500      SLICE_X34Y20    a_reg_reg[0]/C
Low Pulse Width   Fast    FDCE/C       n/a            0.500         4.000       3.500      SLICE_X34Y20    a_reg_reg[0]/C
Low Pulse Width   Slow    FDCE/C       n/a            0.500         4.000       3.500      SLICE_X34Y20    a_reg_reg[1]/C
Low Pulse Width   Fast    FDCE/C       n/a            0.500         4.000       3.500      SLICE_X34Y20    a_reg_reg[1]/C
Low Pulse Width   Slow    FDCE/C       n/a            0.500         4.000       3.500      SLICE_X34Y20    a_reg_reg[2]/C
Low Pulse Width   Fast    FDCE/C       n/a            0.500         4.000       3.500      SLICE_X34Y20    a_reg_reg[2]/C
Low Pulse Width   Slow    FDCE/C       n/a            0.500         4.000       3.500      SLICE_X35Y23    a_reg_reg[3]/C
Low Pulse Width   Fast    FDCE/C       n/a            0.500         4.000       3.500      SLICE_X35Y23    a_reg_reg[3]/C
Low Pulse Width   Slow    FDCE/C       n/a            0.500         4.000       3.500      SLICE_X34Y23    a_reg_reg[4]/C
Low Pulse Width   Fast    FDCE/C       n/a            0.500         4.000       3.500      SLICE_X34Y23    a_reg_reg[4]/C
High Pulse Width  Slow    FDCE/C       n/a            0.500         4.000       3.500      SLICE_X34Y20    a_reg_reg[0]/C
High Pulse Width  Fast    FDCE/C       n/a            0.500         4.000       3.500      SLICE_X34Y20    a_reg_reg[0]/C
High Pulse Width  Slow    FDCE/C       n/a            0.500         4.000       3.500      SLICE_X34Y20    a_reg_reg[1]/C
High Pulse Width  Fast    FDCE/C       n/a            0.500         4.000       3.500      SLICE_X34Y20    a_reg_reg[1]/C
High Pulse Width  Slow    FDCE/C       n/a            0.500         4.000       3.500      SLICE_X34Y20    a_reg_reg[2]/C
High Pulse Width  Fast    FDCE/C       n/a            0.500         4.000       3.500      SLICE_X34Y20    a_reg_reg[2]/C
High Pulse Width  Slow    FDCE/C       n/a            0.500         4.000       3.500      SLICE_X35Y23    a_reg_reg[3]/C
High Pulse Width  Fast    FDCE/C       n/a            0.500         4.000       3.500      SLICE_X35Y23    a_reg_reg[3]/C
High Pulse Width  Slow    FDCE/C       n/a            0.500         4.000       3.500      SLICE_X34Y23    a_reg_reg[4]/C
High Pulse Width  Fast    FDCE/C       n/a            0.500         4.000       3.500      SLICE_X34Y23    a_reg_reg[4]/C



--------------------------------------------------------------------------------------
Path Group:  (none)
From Clock:  sys_clk
  To Clock:  

Max Delay            16 Endpoints
Min Delay            16 Endpoints
--------------------------------------------------------------------------------------


Max Delay Paths
--------------------------------------------------------------------------------------
Slack:                    inf
  Source:                 result_reg[0]/C
                            (rising edge-triggered cell FDCE clocked by sys_clk  {rise@0.000ns fall@4.000ns period=8.000ns})
  Destination:            result[0]
                            (output port)
  Path Group:             (none)
  Path Type:              Max at Slow Process Corner
  Data Path Delay:        6.395ns  (logic 3.134ns (49.004%)  route 3.261ns (50.996%))
  Logic Levels:           1  (OBUF=1)
  Clock Uncertainty:      0.025ns  ((TSJ^2 + TIJ^2)^1/2 + DJ) / 2 + PE
    Total System Jitter     (TSJ):    0.050ns
    Total Input Jitter      (TIJ):    0.000ns
    Discrete Jitter          (DJ):    0.000ns
    Phase Error              (PE):    0.000ns

    Location             Delay type                Incr(ns)  Path(ns)    Netlist Resource(s)
  -------------------------------------------------------------------    -------------------
                         (clock sys_clk rise edge)    0.000     0.000 r  
    U14                                               0.000     0.000 r  clk (IN)
                         net (fo=0)                   0.000     0.000    clk
    U14                  IBUF (Prop_ibuf_I_O)         1.075     1.075 r  clk_IBUF_inst/O
                         net (fo=1, routed)           2.205     3.280    clk_IBUF
    BUFGCTRL_X0Y16       BUFG (Prop_bufg_I_O)         0.101     3.381 r  clk_IBUF_BUFG_inst/O
                         net (fo=83, routed)          1.649     5.030    clk_IBUF_BUFG
    SLICE_X33Y25         FDCE                                         r  result_reg[0]/C
  -------------------------------------------------------------------    -------------------
    SLICE_X33Y25         FDCE (Prop_fdce_C_Q)         0.456     5.486 r  result_reg[0]/Q
                         net (fo=1, routed)           3.261     8.747    result_OBUF[0]
    W11                  OBUF (Prop_obuf_I_O)         2.678    11.424 r  result_OBUF[0]_inst/O
                         net (fo=0)                   0.000    11.424    result[0]
    W11                                                               r  result[0] (OUT)
  -------------------------------------------------------------------    -------------------

Slack:                    inf
  Source:                 result_reg[4]/C
                            (rising edge-triggered cell FDCE clocked by sys_clk  {rise@0.000ns fall@4.000ns period=8.000ns})
  Destination:            result[4]
                            (output port)
  Path Group:             (none)
  Path Type:              Max at Slow Process Corner
  Data Path Delay:        6.392ns  (logic 3.138ns (49.084%)  route 3.255ns (50.916%))
  Logic Levels:           1  (OBUF=1)
  Clock Uncertainty:      0.025ns  ((TSJ^2 + TIJ^2)^1/2 + DJ) / 2 + PE
    Total System Jitter     (TSJ):    0.050ns
    Total Input Jitter      (TIJ):    0.000ns
    Discrete Jitter          (DJ):    0.000ns
    Phase Error              (PE):    0.000ns

    Location             Delay type                Incr(ns)  Path(ns)    Netlist Resource(s)
  -------------------------------------------------------------------    -------------------
                         (clock sys_clk rise edge)    0.000     0.000 r  
    U14                                               0.000     0.000 r  clk (IN)
                         net (fo=0)                   0.000     0.000    clk
    U14                  IBUF (Prop_ibuf_I_O)         1.075     1.075 r  clk_IBUF_inst/O
                         net (fo=1, routed)           2.205     3.280    clk_IBUF
    BUFGCTRL_X0Y16       BUFG (Prop_bufg_I_O)         0.101     3.381 r  clk_IBUF_BUFG_inst/O
                         net (fo=83, routed)          1.651     5.032    clk_IBUF_BUFG
    SLICE_X33Y26         FDCE                                         r  result_reg[4]/C
  -------------------------------------------------------------------    -------------------
    SLICE_X33Y26         FDCE (Prop_fdce_C_Q)         0.456     5.488 r  result_reg[4]/Q
                         net (fo=1, routed)           3.255     8.742    result_OBUF[4]
    W10                  OBUF (Prop_obuf_I_O)         2.682    11.424 r  result_OBUF[4]_inst/O
                         net (fo=0)                   0.000    11.424    result[4]
    W10                                                               r  result[4] (OUT)
  -------------------------------------------------------------------    -------------------

Slack:                    inf
  Source:                 result_reg[2]/C
                            (rising edge-triggered cell FDCE clocked by sys_clk  {rise@0.000ns fall@4.000ns period=8.000ns})
  Destination:            result[2]
                            (output port)
  Path Group:             (none)
  Path Type:              Max at Slow Process Corner
  Data Path Delay:        6.387ns  (logic 3.144ns (49.217%)  route 3.244ns (50.783%))
  Logic Levels:           1  (OBUF=1)
  Clock Uncertainty:      0.025ns  ((TSJ^2 + TIJ^2)^1/2 + DJ) / 2 + PE
    Total System Jitter     (TSJ):    0.050ns
    Total Input Jitter      (TIJ):    0.000ns
    Discrete Jitter          (DJ):    0.000ns
    Phase Error              (PE):    0.000ns

    Location             Delay type                Incr(ns)  Path(ns)    Netlist Resource(s)
  -------------------------------------------------------------------    -------------------
                         (clock sys_clk rise edge)    0.000     0.000 r  
    U14                                               0.000     0.000 r  clk (IN)
                         net (fo=0)                   0.000     0.000    clk
    U14                  IBUF (Prop_ibuf_I_O)         1.075     1.075 r  clk_IBUF_inst/O
                         net (fo=1, routed)           2.205     3.280    clk_IBUF
    BUFGCTRL_X0Y16       BUFG (Prop_bufg_I_O)         0.101     3.381 r  clk_IBUF_BUFG_inst/O
                         net (fo=83, routed)          1.649     5.030    clk_IBUF_BUFG
    SLICE_X33Y25         FDCE                                         r  result_reg[2]/C
  -------------------------------------------------------------------    -------------------
    SLICE_X33Y25         FDCE (Prop_fdce_C_Q)         0.456     5.486 r  result_reg[2]/Q
                         net (fo=1, routed)           3.244     8.729    result_OBUF[2]
    U9                   OBUF (Prop_obuf_I_O)         2.688    11.417 r  result_OBUF[2]_inst/O
                         net (fo=0)                   0.000    11.417    result[2]
    U9                                                                r  result[2] (OUT)
  -------------------------------------------------------------------    -------------------

Slack:                    inf
  Source:                 result_reg[5]/C
                            (rising edge-triggered cell FDCE clocked by sys_clk  {rise@0.000ns fall@4.000ns period=8.000ns})
  Destination:            result[5]
                            (output port)
  Path Group:             (none)
  Path Type:              Max at Slow Process Corner
  Data Path Delay:        6.278ns  (logic 3.171ns (50.510%)  route 3.107ns (49.490%))
  Logic Levels:           1  (OBUF=1)
  Clock Uncertainty:      0.025ns  ((TSJ^2 + TIJ^2)^1/2 + DJ) / 2 + PE
    Total System Jitter     (TSJ):    0.050ns
    Total Input Jitter      (TIJ):    0.000ns
    Discrete Jitter          (DJ):    0.000ns
    Phase Error              (PE):    0.000ns

    Location             Delay type                Incr(ns)  Path(ns)    Netlist Resource(s)
  -------------------------------------------------------------------    -------------------
                         (clock sys_clk rise edge)    0.000     0.000 r  
    U14                                               0.000     0.000 r  clk (IN)
                         net (fo=0)                   0.000     0.000    clk
    U14                  IBUF (Prop_ibuf_I_O)         1.075     1.075 r  clk_IBUF_inst/O
                         net (fo=1, routed)           2.205     3.280    clk_IBUF
    BUFGCTRL_X0Y16       BUFG (Prop_bufg_I_O)         0.101     3.381 r  clk_IBUF_BUFG_inst/O
                         net (fo=83, routed)          1.651     5.032    clk_IBUF_BUFG
    SLICE_X33Y26         FDCE                                         r  result_reg[5]/C
  -------------------------------------------------------------------    -------------------
    SLICE_X33Y26         FDCE (Prop_fdce_C_Q)         0.456     5.488 r  result_reg[5]/Q
                         net (fo=1, routed)           3.107     8.595    result_OBUF[5]
    W8                   OBUF (Prop_obuf_I_O)         2.715    11.310 r  result_OBUF[5]_inst/O
                         net (fo=0)                   0.000    11.310    result[5]
    W8                                                                r  result[5] (OUT)
  -------------------------------------------------------------------    -------------------

Slack:                    inf
  Source:                 result_reg[1]/C
                            (rising edge-triggered cell FDCE clocked by sys_clk  {rise@0.000ns fall@4.000ns period=8.000ns})
  Destination:            result[1]
                            (output port)
  Path Group:             (none)
  Path Type:              Max at Slow Process Corner
  Data Path Delay:        6.262ns  (logic 3.123ns (49.870%)  route 3.139ns (50.130%))
  Logic Levels:           1  (OBUF=1)
  Clock Uncertainty:      0.025ns  ((TSJ^2 + TIJ^2)^1/2 + DJ) / 2 + PE
    Total System Jitter     (TSJ):    0.050ns
    Total Input Jitter      (TIJ):    0.000ns
    Discrete Jitter          (DJ):    0.000ns
    Phase Error              (PE):    0.000ns

    Location             Delay type                Incr(ns)  Path(ns)    Netlist Resource(s)
  -------------------------------------------------------------------    -------------------
                         (clock sys_clk rise edge)    0.000     0.000 r  
    U14                                               0.000     0.000 r  clk (IN)
                         net (fo=0)                   0.000     0.000    clk
    U14                  IBUF (Prop_ibuf_I_O)         1.075     1.075 r  clk_IBUF_inst/O
                         net (fo=1, routed)           2.205     3.280    clk_IBUF
    BUFGCTRL_X0Y16       BUFG (Prop_bufg_I_O)         0.101     3.381 r  clk_IBUF_BUFG_inst/O
                         net (fo=83, routed)          1.649     5.030    clk_IBUF_BUFG
    SLICE_X33Y25         FDCE                                         r  result_reg[1]/C
  -------------------------------------------------------------------    -------------------
    SLICE_X33Y25         FDCE (Prop_fdce_C_Q)         0.456     5.486 r  result_reg[1]/Q
                         net (fo=1, routed)           3.139     8.625    result_OBUF[1]
    U8                   OBUF (Prop_obuf_I_O)         2.667    11.291 r  result_OBUF[1]_inst/O
                         net (fo=0)                   0.000    11.291    result[1]
    U8                                                                r  result[1] (OUT)
  -------------------------------------------------------------------    -------------------

Slack:                    inf
  Source:                 result_reg[6]/C
                            (rising edge-triggered cell FDCE clocked by sys_clk  {rise@0.000ns fall@4.000ns period=8.000ns})
  Destination:            result[6]
                            (output port)
  Path Group:             (none)
  Path Type:              Max at Slow Process Corner
  Data Path Delay:        6.226ns  (logic 3.171ns (50.931%)  route 3.055ns (49.069%))
  Logic Levels:           1  (OBUF=1)
  Clock Uncertainty:      0.025ns  ((TSJ^2 + TIJ^2)^1/2 + DJ) / 2 + PE
    Total System Jitter     (TSJ):    0.050ns
    Total Input Jitter      (TIJ):    0.000ns
    Discrete Jitter          (DJ):    0.000ns
    Phase Error              (PE):    0.000ns

    Location             Delay type                Incr(ns)  Path(ns)    Netlist Resource(s)
  -------------------------------------------------------------------    -------------------
                         (clock sys_clk rise edge)    0.000     0.000 r  
    U14                                               0.000     0.000 r  clk (IN)
                         net (fo=0)                   0.000     0.000    clk
    U14                  IBUF (Prop_ibuf_I_O)         1.075     1.075 r  clk_IBUF_inst/O
                         net (fo=1, routed)           2.205     3.280    clk_IBUF
    BUFGCTRL_X0Y16       BUFG (Prop_bufg_I_O)         0.101     3.381 r  clk_IBUF_BUFG_inst/O
                         net (fo=83, routed)          1.651     5.032    clk_IBUF_BUFG
    SLICE_X33Y26         FDCE                                         r  result_reg[6]/C
  -------------------------------------------------------------------    -------------------
    SLICE_X33Y26         FDCE (Prop_fdce_C_Q)         0.456     5.488 r  result_reg[6]/Q
                         net (fo=1, routed)           3.055     8.542    result_OBUF[6]
    V8                   OBUF (Prop_obuf_I_O)         2.715    11.257 r  result_OBUF[6]_inst/O
                         net (fo=0)                   0.000    11.257    result[6]
    V8                                                                r  result[6] (OUT)
  -------------------------------------------------------------------    -------------------

Slack:                    inf
  Source:                 result_reg[12]/C
                            (rising edge-triggered cell FDCE clocked by sys_clk  {rise@0.000ns fall@4.000ns period=8.000ns})
  Destination:            result[12]
                            (output port)
  Path Group:             (none)
  Path Type:              Max at Slow Process Corner
  Data Path Delay:        6.213ns  (logic 3.108ns (50.031%)  route 3.105ns (49.969%))
  Logic Levels:           1  (OBUF=1)
  Clock Uncertainty:      0.025ns  ((TSJ^2 + TIJ^2)^1/2 + DJ) / 2 + PE
    Total System Jitter     (TSJ):    0.050ns
    Total Input Jitter      (TIJ):    0.000ns
    Discrete Jitter          (DJ):    0.000ns
    Phase Error              (PE):    0.000ns

    Location             Delay type                Incr(ns)  Path(ns)    Netlist Resource(s)
  -------------------------------------------------------------------    -------------------
                         (clock sys_clk rise edge)    0.000     0.000 r  
    U14                                               0.000     0.000 r  clk (IN)
                         net (fo=0)                   0.000     0.000    clk
    U14                  IBUF (Prop_ibuf_I_O)         1.075     1.075 r  clk_IBUF_inst/O
                         net (fo=1, routed)           2.205     3.280    clk_IBUF
    BUFGCTRL_X0Y16       BUFG (Prop_bufg_I_O)         0.101     3.381 r  clk_IBUF_BUFG_inst/O
                         net (fo=83, routed)          1.655     5.036    clk_IBUF_BUFG
    SLICE_X33Y28         FDCE                                         r  result_reg[12]/C
  -------------------------------------------------------------------    -------------------
    SLICE_X33Y28         FDCE (Prop_fdce_C_Q)         0.456     5.492 r  result_reg[12]/Q
                         net (fo=1, routed)           3.105     8.596    result_OBUF[12]
    T9                   OBUF (Prop_obuf_I_O)         2.652    11.249 r  result_OBUF[12]_inst/O
                         net (fo=0)                   0.000    11.249    result[12]
    T9                                                                r  result[12] (OUT)
  -------------------------------------------------------------------    -------------------

Slack:                    inf
  Source:                 result_reg[8]/C
                            (rising edge-triggered cell FDCE clocked by sys_clk  {rise@0.000ns fall@4.000ns period=8.000ns})
  Destination:            result[8]
                            (output port)
  Path Group:             (none)
  Path Type:              Max at Slow Process Corner
  Data Path Delay:        6.212ns  (logic 3.149ns (50.697%)  route 3.063ns (49.303%))
  Logic Levels:           1  (OBUF=1)
  Clock Uncertainty:      0.025ns  ((TSJ^2 + TIJ^2)^1/2 + DJ) / 2 + PE
    Total System Jitter     (TSJ):    0.050ns
    Total Input Jitter      (TIJ):    0.000ns
    Discrete Jitter          (DJ):    0.000ns
    Phase Error              (PE):    0.000ns

    Location             Delay type                Incr(ns)  Path(ns)    Netlist Resource(s)
  -------------------------------------------------------------------    -------------------
                         (clock sys_clk rise edge)    0.000     0.000 r  
    U14                                               0.000     0.000 r  clk (IN)
                         net (fo=0)                   0.000     0.000    clk
    U14                  IBUF (Prop_ibuf_I_O)         1.075     1.075 r  clk_IBUF_inst/O
                         net (fo=1, routed)           2.205     3.280    clk_IBUF
    BUFGCTRL_X0Y16       BUFG (Prop_bufg_I_O)         0.101     3.381 r  clk_IBUF_BUFG_inst/O
                         net (fo=83, routed)          1.652     5.033    clk_IBUF_BUFG
    SLICE_X33Y27         FDCE                                         r  result_reg[8]/C
  -------------------------------------------------------------------    -------------------
    SLICE_X33Y27         FDCE (Prop_fdce_C_Q)         0.456     5.489 r  result_reg[8]/Q
                         net (fo=1, routed)           3.063     8.551    result_OBUF[8]
    Y9                   OBUF (Prop_obuf_I_O)         2.693    11.245 r  result_OBUF[8]_inst/O
                         net (fo=0)                   0.000    11.245    result[8]
    Y9                                                                r  result[8] (OUT)
  -------------------------------------------------------------------    -------------------

Slack:                    inf
  Source:                 result_reg[10]/C
                            (rising edge-triggered cell FDCE clocked by sys_clk  {rise@0.000ns fall@4.000ns period=8.000ns})
  Destination:            result[10]
                            (output port)
  Path Group:             (none)
  Path Type:              Max at Slow Process Corner
  Data Path Delay:        6.175ns  (logic 3.117ns (50.473%)  route 3.058ns (49.527%))
  Logic Levels:           1  (OBUF=1)
  Clock Uncertainty:      0.025ns  ((TSJ^2 + TIJ^2)^1/2 + DJ) / 2 + PE
    Total System Jitter     (TSJ):    0.050ns
    Total Input Jitter      (TIJ):    0.000ns
    Discrete Jitter          (DJ):    0.000ns
    Phase Error              (PE):    0.000ns

    Location             Delay type                Incr(ns)  Path(ns)    Netlist Resource(s)
  -------------------------------------------------------------------    -------------------
                         (clock sys_clk rise edge)    0.000     0.000 r  
    U14                                               0.000     0.000 r  clk (IN)
                         net (fo=0)                   0.000     0.000    clk
    U14                  IBUF (Prop_ibuf_I_O)         1.075     1.075 r  clk_IBUF_inst/O
                         net (fo=1, routed)           2.205     3.280    clk_IBUF
    BUFGCTRL_X0Y16       BUFG (Prop_bufg_I_O)         0.101     3.381 r  clk_IBUF_BUFG_inst/O
                         net (fo=83, routed)          1.652     5.033    clk_IBUF_BUFG
    SLICE_X33Y27         FDCE                                         r  result_reg[10]/C
  -------------------------------------------------------------------    -------------------
    SLICE_X33Y27         FDCE (Prop_fdce_C_Q)         0.456     5.489 r  result_reg[10]/Q
                         net (fo=1, routed)           3.058     8.547    result_OBUF[10]
    Y7                   OBUF (Prop_obuf_I_O)         2.661    11.208 r  result_OBUF[10]_inst/O
                         net (fo=0)                   0.000    11.208    result[10]
    Y7                                                                r  result[10] (OUT)
  -------------------------------------------------------------------    -------------------

Slack:                    inf
  Source:                 result_reg[13]/C
                            (rising edge-triggered cell FDCE clocked by sys_clk  {rise@0.000ns fall@4.000ns period=8.000ns})
  Destination:            result[13]
                            (output port)
  Path Group:             (none)
  Path Type:              Max at Slow Process Corner
  Data Path Delay:        6.140ns  (logic 3.170ns (51.630%)  route 2.970ns (48.370%))
  Logic Levels:           1  (OBUF=1)
  Clock Uncertainty:      0.025ns  ((TSJ^2 + TIJ^2)^1/2 + DJ) / 2 + PE
    Total System Jitter     (TSJ):    0.050ns
    Total Input Jitter      (TIJ):    0.000ns
    Discrete Jitter          (DJ):    0.000ns
    Phase Error              (PE):    0.000ns

    Location             Delay type                Incr(ns)  Path(ns)    Netlist Resource(s)
  -------------------------------------------------------------------    -------------------
                         (clock sys_clk rise edge)    0.000     0.000 r  
    U14                                               0.000     0.000 r  clk (IN)
                         net (fo=0)                   0.000     0.000    clk
    U14                  IBUF (Prop_ibuf_I_O)         1.075     1.075 r  clk_IBUF_inst/O
                         net (fo=1, routed)           2.205     3.280    clk_IBUF
    BUFGCTRL_X0Y16       BUFG (Prop_bufg_I_O)         0.101     3.381 r  clk_IBUF_BUFG_inst/O
                         net (fo=83, routed)          1.655     5.036    clk_IBUF_BUFG
    SLICE_X33Y28         FDCE                                         r  result_reg[13]/C
  -------------------------------------------------------------------    -------------------
    SLICE_X33Y28         FDCE (Prop_fdce_C_Q)         0.456     5.492 r  result_reg[13]/Q
                         net (fo=1, routed)           2.970     8.461    result_OBUF[13]
    V7                   OBUF (Prop_obuf_I_O)         2.714    11.175 r  result_OBUF[13]_inst/O
                         net (fo=0)                   0.000    11.175    result[13]
    V7                                                                r  result[13] (OUT)
  -------------------------------------------------------------------    -------------------





Min Delay Paths
--------------------------------------------------------------------------------------
Slack:                    inf
  Source:                 result_reg[15]/C
                            (rising edge-triggered cell FDCE clocked by sys_clk  {rise@0.000ns fall@4.000ns period=8.000ns})
  Destination:            result[15]
                            (output port)
  Path Group:             (none)
  Path Type:              Min at Fast Process Corner
  Data Path Delay:        2.167ns  (logic 1.290ns (59.537%)  route 0.877ns (40.463%))
  Logic Levels:           1  (OBUF=1)
  Clock Uncertainty:      0.025ns  ((TSJ^2 + TIJ^2)^1/2 + DJ) / 2 + PE
    Total System Jitter     (TSJ):    0.050ns
    Total Input Jitter      (TIJ):    0.000ns
    Discrete Jitter          (DJ):    0.000ns
    Phase Error              (PE):    0.000ns

    Location             Delay type                Incr(ns)  Path(ns)    Netlist Resource(s)
  -------------------------------------------------------------------    -------------------
                         (clock sys_clk rise edge)    0.000     0.000 r  
    U14                                               0.000     0.000 r  clk (IN)
                         net (fo=0)                   0.000     0.000    clk
    U14                  IBUF (Prop_ibuf_I_O)         0.302     0.302 r  clk_IBUF_inst/O
                         net (fo=1, routed)           0.674     0.976    clk_IBUF
    BUFGCTRL_X0Y16       BUFG (Prop_bufg_I_O)         0.026     1.002 r  clk_IBUF_BUFG_inst/O
                         net (fo=83, routed)          0.554     1.556    clk_IBUF_BUFG
    SLICE_X33Y28         FDCE                                         r  result_reg[15]/C
  -------------------------------------------------------------------    -------------------
    SLICE_X33Y28         FDCE (Prop_fdce_C_Q)         0.141     1.697 r  result_reg[15]/Q
                         net (fo=1, routed)           0.877     2.574    result_OBUF[15]
    V5                   OBUF (Prop_obuf_I_O)         1.149     3.723 r  result_OBUF[15]_inst/O
                         net (fo=0)                   0.000     3.723    result[15]
    V5                                                                r  result[15] (OUT)
  -------------------------------------------------------------------    -------------------

Slack:                    inf
  Source:                 result_reg[7]/C
                            (rising edge-triggered cell FDCE clocked by sys_clk  {rise@0.000ns fall@4.000ns period=8.000ns})
  Destination:            result[7]
                            (output port)
  Path Group:             (none)
  Path Type:              Min at Fast Process Corner
  Data Path Delay:        2.216ns  (logic 1.334ns (60.187%)  route 0.882ns (39.813%))
  Logic Levels:           1  (OBUF=1)
  Clock Uncertainty:      0.025ns  ((TSJ^2 + TIJ^2)^1/2 + DJ) / 2 + PE
    Total System Jitter     (TSJ):    0.050ns
    Total Input Jitter      (TIJ):    0.000ns
    Discrete Jitter          (DJ):    0.000ns
    Phase Error              (PE):    0.000ns

    Location             Delay type                Incr(ns)  Path(ns)    Netlist Resource(s)
  -------------------------------------------------------------------    -------------------
                         (clock sys_clk rise edge)    0.000     0.000 r  
    U14                                               0.000     0.000 r  clk (IN)
                         net (fo=0)                   0.000     0.000    clk
    U14                  IBUF (Prop_ibuf_I_O)         0.302     0.302 r  clk_IBUF_inst/O
                         net (fo=1, routed)           0.674     0.976    clk_IBUF
    BUFGCTRL_X0Y16       BUFG (Prop_bufg_I_O)         0.026     1.002 r  clk_IBUF_BUFG_inst/O
                         net (fo=83, routed)          0.552     1.554    clk_IBUF_BUFG
    SLICE_X33Y26         FDCE                                         r  result_reg[7]/C
  -------------------------------------------------------------------    -------------------
    SLICE_X33Y26         FDCE (Prop_fdce_C_Q)         0.141     1.695 r  result_reg[7]/Q
                         net (fo=1, routed)           0.882     2.577    result_OBUF[7]
    Y8                   OBUF (Prop_obuf_I_O)         1.193     3.770 r  result_OBUF[7]_inst/O
                         net (fo=0)                   0.000     3.770    result[7]
    Y8                                                                r  result[7] (OUT)
  -------------------------------------------------------------------    -------------------

Slack:                    inf
  Source:                 result_reg[3]/C
                            (rising edge-triggered cell FDCE clocked by sys_clk  {rise@0.000ns fall@4.000ns period=8.000ns})
  Destination:            result[3]
                            (output port)
  Path Group:             (none)
  Path Type:              Min at Fast Process Corner
  Data Path Delay:        2.237ns  (logic 1.321ns (59.065%)  route 0.916ns (40.935%))
  Logic Levels:           1  (OBUF=1)
  Clock Uncertainty:      0.025ns  ((TSJ^2 + TIJ^2)^1/2 + DJ) / 2 + PE
    Total System Jitter     (TSJ):    0.050ns
    Total Input Jitter      (TIJ):    0.000ns
    Discrete Jitter          (DJ):    0.000ns
    Phase Error              (PE):    0.000ns

    Location             Delay type                Incr(ns)  Path(ns)    Netlist Resource(s)
  -------------------------------------------------------------------    -------------------
                         (clock sys_clk rise edge)    0.000     0.000 r  
    U14                                               0.000     0.000 r  clk (IN)
                         net (fo=0)                   0.000     0.000    clk
    U14                  IBUF (Prop_ibuf_I_O)         0.302     0.302 r  clk_IBUF_inst/O
                         net (fo=1, routed)           0.674     0.976    clk_IBUF
    BUFGCTRL_X0Y16       BUFG (Prop_bufg_I_O)         0.026     1.002 r  clk_IBUF_BUFG_inst/O
                         net (fo=83, routed)          0.551     1.553    clk_IBUF_BUFG
    SLICE_X33Y25         FDCE                                         r  result_reg[3]/C
  -------------------------------------------------------------------    -------------------
    SLICE_X33Y25         FDCE (Prop_fdce_C_Q)         0.141     1.694 r  result_reg[3]/Q
                         net (fo=1, routed)           0.916     2.610    result_OBUF[3]
    W9                   OBUF (Prop_obuf_I_O)         1.180     3.790 r  result_OBUF[3]_inst/O
                         net (fo=0)                   0.000     3.790    result[3]
    W9                                                                r  result[3] (OUT)
  -------------------------------------------------------------------    -------------------

Slack:                    inf
  Source:                 result_reg[11]/C
                            (rising edge-triggered cell FDCE clocked by sys_clk  {rise@0.000ns fall@4.000ns period=8.000ns})
  Destination:            result[11]
                            (output port)
  Path Group:             (none)
  Path Type:              Min at Fast Process Corner
  Data Path Delay:        2.294ns  (logic 1.312ns (57.198%)  route 0.982ns (42.802%))
  Logic Levels:           1  (OBUF=1)
  Clock Uncertainty:      0.025ns  ((TSJ^2 + TIJ^2)^1/2 + DJ) / 2 + PE
    Total System Jitter     (TSJ):    0.050ns
    Total Input Jitter      (TIJ):    0.000ns
    Discrete Jitter          (DJ):    0.000ns
    Phase Error              (PE):    0.000ns

    Location             Delay type                Incr(ns)  Path(ns)    Netlist Resource(s)
  -------------------------------------------------------------------    -------------------
                         (clock sys_clk rise edge)    0.000     0.000 r  
    U14                                               0.000     0.000 r  clk (IN)
                         net (fo=0)                   0.000     0.000    clk
    U14                  IBUF (Prop_ibuf_I_O)         0.302     0.302 r  clk_IBUF_inst/O
                         net (fo=1, routed)           0.674     0.976    clk_IBUF
    BUFGCTRL_X0Y16       BUFG (Prop_bufg_I_O)         0.026     1.002 r  clk_IBUF_BUFG_inst/O
                         net (fo=83, routed)          0.554     1.556    clk_IBUF_BUFG
    SLICE_X33Y27         FDCE                                         r  result_reg[11]/C
  -------------------------------------------------------------------    -------------------
    SLICE_X33Y27         FDCE (Prop_fdce_C_Q)         0.141     1.697 r  result_reg[11]/Q
                         net (fo=1, routed)           0.982     2.679    result_OBUF[11]
    U10                  OBUF (Prop_obuf_I_O)         1.171     3.850 r  result_OBUF[11]_inst/O
                         net (fo=0)                   0.000     3.850    result[11]
    U10                                                               r  result[11] (OUT)
  -------------------------------------------------------------------    -------------------

Slack:                    inf
  Source:                 result_reg[14]/C
                            (rising edge-triggered cell FDCE clocked by sys_clk  {rise@0.000ns fall@4.000ns period=8.000ns})
  Destination:            result[14]
                            (output port)
  Path Group:             (none)
  Path Type:              Min at Fast Process Corner
  Data Path Delay:        2.325ns  (logic 1.378ns (59.283%)  route 0.947ns (40.717%))
  Logic Levels:           1  (OBUF=1)
  Clock Uncertainty:      0.025ns  ((TSJ^2 + TIJ^2)^1/2 + DJ) / 2 + PE
    Total System Jitter     (TSJ):    0.050ns
    Total Input Jitter      (TIJ):    0.000ns
    Discrete Jitter          (DJ):    0.000ns
    Phase Error              (PE):    0.000ns

    Location             Delay type                Incr(ns)  Path(ns)    Netlist Resource(s)
  -------------------------------------------------------------------    -------------------
                         (clock sys_clk rise edge)    0.000     0.000 r  
    U14                                               0.000     0.000 r  clk (IN)
                         net (fo=0)                   0.000     0.000    clk
    U14                  IBUF (Prop_ibuf_I_O)         0.302     0.302 r  clk_IBUF_inst/O
                         net (fo=1, routed)           0.674     0.976    clk_IBUF
    BUFGCTRL_X0Y16       BUFG (Prop_bufg_I_O)         0.026     1.002 r  clk_IBUF_BUFG_inst/O
                         net (fo=83, routed)          0.554     1.556    clk_IBUF_BUFG
    SLICE_X33Y28         FDCE                                         r  result_reg[14]/C
  -------------------------------------------------------------------    -------------------
    SLICE_X33Y28         FDCE (Prop_fdce_C_Q)         0.141     1.697 r  result_reg[14]/Q
                         net (fo=1, routed)           0.947     2.644    result_OBUF[14]
    U7                   OBUF (Prop_obuf_I_O)         1.237     3.881 r  result_OBUF[14]_inst/O
                         net (fo=0)                   0.000     3.881    result[14]
    U7                                                                r  result[14] (OUT)
  -------------------------------------------------------------------    -------------------

Slack:                    inf
  Source:                 result_reg[12]/C
                            (rising edge-triggered cell FDCE clocked by sys_clk  {rise@0.000ns fall@4.000ns period=8.000ns})
  Destination:            result[12]
                            (output port)
  Path Group:             (none)
  Path Type:              Min at Fast Process Corner
  Data Path Delay:        2.341ns  (logic 1.310ns (55.970%)  route 1.031ns (44.030%))
  Logic Levels:           1  (OBUF=1)
  Clock Uncertainty:      0.025ns  ((TSJ^2 + TIJ^2)^1/2 + DJ) / 2 + PE
    Total System Jitter     (TSJ):    0.050ns
    Total Input Jitter      (TIJ):    0.000ns
    Discrete Jitter          (DJ):    0.000ns
    Phase Error              (PE):    0.000ns

    Location             Delay type                Incr(ns)  Path(ns)    Netlist Resource(s)
  -------------------------------------------------------------------    -------------------
                         (clock sys_clk rise edge)    0.000     0.000 r  
    U14                                               0.000     0.000 r  clk (IN)
                         net (fo=0)                   0.000     0.000    clk
    U14                  IBUF (Prop_ibuf_I_O)         0.302     0.302 r  clk_IBUF_inst/O
                         net (fo=1, routed)           0.674     0.976    clk_IBUF
    BUFGCTRL_X0Y16       BUFG (Prop_bufg_I_O)         0.026     1.002 r  clk_IBUF_BUFG_inst/O
                         net (fo=83, routed)          0.554     1.556    clk_IBUF_BUFG
    SLICE_X33Y28         FDCE                                         r  result_reg[12]/C
  -------------------------------------------------------------------    -------------------
    SLICE_X33Y28         FDCE (Prop_fdce_C_Q)         0.141     1.697 r  result_reg[12]/Q
                         net (fo=1, routed)           1.031     2.728    result_OBUF[12]
    T9                   OBUF (Prop_obuf_I_O)         1.169     3.897 r  result_OBUF[12]_inst/O
                         net (fo=0)                   0.000     3.897    result[12]
    T9                                                                r  result[12] (OUT)
  -------------------------------------------------------------------    -------------------

Slack:                    inf
  Source:                 result_reg[9]/C
                            (rising edge-triggered cell FDCE clocked by sys_clk  {rise@0.000ns fall@4.000ns period=8.000ns})
  Destination:            result[9]
                            (output port)
  Path Group:             (none)
  Path Type:              Min at Fast Process Corner
  Data Path Delay:        2.345ns  (logic 1.304ns (55.614%)  route 1.041ns (44.386%))
  Logic Levels:           1  (OBUF=1)
  Clock Uncertainty:      0.025ns  ((TSJ^2 + TIJ^2)^1/2 + DJ) / 2 + PE
    Total System Jitter     (TSJ):    0.050ns
    Total Input Jitter      (TIJ):    0.000ns
    Discrete Jitter          (DJ):    0.000ns
    Phase Error              (PE):    0.000ns

    Location             Delay type                Incr(ns)  Path(ns)    Netlist Resource(s)
  -------------------------------------------------------------------    -------------------
                         (clock sys_clk rise edge)    0.000     0.000 r  
    U14                                               0.000     0.000 r  clk (IN)
                         net (fo=0)                   0.000     0.000    clk
    U14                  IBUF (Prop_ibuf_I_O)         0.302     0.302 r  clk_IBUF_inst/O
                         net (fo=1, routed)           0.674     0.976    clk_IBUF
    BUFGCTRL_X0Y16       BUFG (Prop_bufg_I_O)         0.026     1.002 r  clk_IBUF_BUFG_inst/O
                         net (fo=83, routed)          0.554     1.556    clk_IBUF_BUFG
    SLICE_X33Y27         FDCE                                         r  result_reg[9]/C
  -------------------------------------------------------------------    -------------------
    SLICE_X33Y27         FDCE (Prop_fdce_C_Q)         0.141     1.697 r  result_reg[9]/Q
                         net (fo=1, routed)           1.041     2.738    result_OBUF[9]
    Y6                   OBUF (Prop_obuf_I_O)         1.163     3.901 r  result_OBUF[9]_inst/O
                         net (fo=0)                   0.000     3.901    result[9]
    Y6                                                                r  result[9] (OUT)
  -------------------------------------------------------------------    -------------------

Slack:                    inf
  Source:                 result_reg[13]/C
                            (rising edge-triggered cell FDCE clocked by sys_clk  {rise@0.000ns fall@4.000ns period=8.000ns})
  Destination:            result[13]
                            (output port)
  Path Group:             (none)
  Path Type:              Min at Fast Process Corner
  Data Path Delay:        2.369ns  (logic 1.371ns (57.877%)  route 0.998ns (42.123%))
  Logic Levels:           1  (OBUF=1)
  Clock Uncertainty:      0.025ns  ((TSJ^2 + TIJ^2)^1/2 + DJ) / 2 + PE
    Total System Jitter     (TSJ):    0.050ns
    Total Input Jitter      (TIJ):    0.000ns
    Discrete Jitter          (DJ):    0.000ns
    Phase Error              (PE):    0.000ns

    Location             Delay type                Incr(ns)  Path(ns)    Netlist Resource(s)
  -------------------------------------------------------------------    -------------------
                         (clock sys_clk rise edge)    0.000     0.000 r  
    U14                                               0.000     0.000 r  clk (IN)
                         net (fo=0)                   0.000     0.000    clk
    U14                  IBUF (Prop_ibuf_I_O)         0.302     0.302 r  clk_IBUF_inst/O
                         net (fo=1, routed)           0.674     0.976    clk_IBUF
    BUFGCTRL_X0Y16       BUFG (Prop_bufg_I_O)         0.026     1.002 r  clk_IBUF_BUFG_inst/O
                         net (fo=83, routed)          0.554     1.556    clk_IBUF_BUFG
    SLICE_X33Y28         FDCE                                         r  result_reg[13]/C
  -------------------------------------------------------------------    -------------------
    SLICE_X33Y28         FDCE (Prop_fdce_C_Q)         0.141     1.697 r  result_reg[13]/Q
                         net (fo=1, routed)           0.998     2.695    result_OBUF[13]
    V7                   OBUF (Prop_obuf_I_O)         1.230     3.925 r  result_OBUF[13]_inst/O
                         net (fo=0)                   0.000     3.925    result[13]
    V7                                                                r  result[13] (OUT)
  -------------------------------------------------------------------    -------------------

Slack:                    inf
  Source:                 result_reg[10]/C
                            (rising edge-triggered cell FDCE clocked by sys_clk  {rise@0.000ns fall@4.000ns period=8.000ns})
  Destination:            result[10]
                            (output port)
  Path Group:             (none)
  Path Type:              Min at Fast Process Corner
  Data Path Delay:        2.387ns  (logic 1.318ns (55.214%)  route 1.069ns (44.786%))
  Logic Levels:           1  (OBUF=1)
  Clock Uncertainty:      0.025ns  ((TSJ^2 + TIJ^2)^1/2 + DJ) / 2 + PE
    Total System Jitter     (TSJ):    0.050ns
    Total Input Jitter      (TIJ):    0.000ns
    Discrete Jitter          (DJ):    0.000ns
    Phase Error              (PE):    0.000ns

    Location             Delay type                Incr(ns)  Path(ns)    Netlist Resource(s)
  -------------------------------------------------------------------    -------------------
                         (clock sys_clk rise edge)    0.000     0.000 r  
    U14                                               0.000     0.000 r  clk (IN)
                         net (fo=0)                   0.000     0.000    clk
    U14                  IBUF (Prop_ibuf_I_O)         0.302     0.302 r  clk_IBUF_inst/O
                         net (fo=1, routed)           0.674     0.976    clk_IBUF
    BUFGCTRL_X0Y16       BUFG (Prop_bufg_I_O)         0.026     1.002 r  clk_IBUF_BUFG_inst/O
                         net (fo=83, routed)          0.554     1.556    clk_IBUF_BUFG
    SLICE_X33Y27         FDCE                                         r  result_reg[10]/C
  -------------------------------------------------------------------    -------------------
    SLICE_X33Y27         FDCE (Prop_fdce_C_Q)         0.141     1.697 r  result_reg[10]/Q
                         net (fo=1, routed)           1.069     2.766    result_OBUF[10]
    Y7                   OBUF (Prop_obuf_I_O)         1.177     3.943 r  result_OBUF[10]_inst/O
                         net (fo=0)                   0.000     3.943    result[10]
    Y7                                                                r  result[10] (OUT)
  -------------------------------------------------------------------    -------------------

Slack:                    inf
  Source:                 result_reg[8]/C
                            (rising edge-triggered cell FDCE clocked by sys_clk  {rise@0.000ns fall@4.000ns period=8.000ns})
  Destination:            result[8]
                            (output port)
  Path Group:             (none)
  Path Type:              Min at Fast Process Corner
  Data Path Delay:        2.423ns  (logic 1.350ns (55.731%)  route 1.073ns (44.269%))
  Logic Levels:           1  (OBUF=1)
  Clock Uncertainty:      0.025ns  ((TSJ^2 + TIJ^2)^1/2 + DJ) / 2 + PE
    Total System Jitter     (TSJ):    0.050ns
    Total Input Jitter      (TIJ):    0.000ns
    Discrete Jitter          (DJ):    0.000ns
    Phase Error              (PE):    0.000ns

    Location             Delay type                Incr(ns)  Path(ns)    Netlist Resource(s)
  -------------------------------------------------------------------    -------------------
                         (clock sys_clk rise edge)    0.000     0.000 r  
    U14                                               0.000     0.000 r  clk (IN)
                         net (fo=0)                   0.000     0.000    clk
    U14                  IBUF (Prop_ibuf_I_O)         0.302     0.302 r  clk_IBUF_inst/O
                         net (fo=1, routed)           0.674     0.976    clk_IBUF
    BUFGCTRL_X0Y16       BUFG (Prop_bufg_I_O)         0.026     1.002 r  clk_IBUF_BUFG_inst/O
                         net (fo=83, routed)          0.554     1.556    clk_IBUF_BUFG
    SLICE_X33Y27         FDCE                                         r  result_reg[8]/C
  -------------------------------------------------------------------    -------------------
    SLICE_X33Y27         FDCE (Prop_fdce_C_Q)         0.141     1.697 r  result_reg[8]/Q
                         net (fo=1, routed)           1.073     2.770    result_OBUF[8]
    Y9                   OBUF (Prop_obuf_I_O)         1.209     3.979 r  result_OBUF[8]_inst/O
                         net (fo=0)                   0.000     3.979    result[8]
    Y9                                                                r  result[8] (OUT)
  -------------------------------------------------------------------    -------------------





--------------------------------------------------------------------------------------
Path Group:  (none)
From Clock:  
  To Clock:  sys_clk

Max Delay           114 Endpoints
Min Delay           114 Endpoints
--------------------------------------------------------------------------------------


Max Delay Paths
--------------------------------------------------------------------------------------
Slack:                    inf
  Source:                 d[2]
                            (input port)
  Destination:            d_reg_reg[2]/D
                            (rising edge-triggered cell FDCE clocked by sys_clk  {rise@0.000ns fall@4.000ns period=8.000ns})
  Path Group:             (none)
  Path Type:              Setup (Max at Slow Process Corner)
  Data Path Delay:        5.699ns  (logic 1.008ns (17.679%)  route 4.691ns (82.321%))
  Logic Levels:           1  (IBUF=1)
  Clock Path Skew:        4.515ns (DCD - SCD + CPR)
    Destination Clock Delay (DCD):    4.515ns
    Source Clock Delay      (SCD):    0.000ns
    Clock Pessimism Removal (CPR):    0.000ns
  Clock Uncertainty:      0.025ns  ((TSJ^2 + TIJ^2)^1/2 + DJ) / 2 + PE
    Total System Jitter     (TSJ):    0.050ns
    Total Input Jitter      (TIJ):    0.000ns
    Discrete Jitter          (DJ):    0.000ns
    Phase Error              (PE):    0.000ns

    Location             Delay type                Incr(ns)  Path(ns)    Netlist Resource(s)
  -------------------------------------------------------------------    -------------------
    V20                                               0.000     0.000 r  d[2] (IN)
                         net (fo=0)                   0.000     0.000    d[2]
    V20                  IBUF (Prop_ibuf_I_O)         1.008     1.008 r  d_IBUF[2]_inst/O
                         net (fo=1, routed)           4.691     5.699    d_IBUF[2]
    SLICE_X32Y25         FDCE                                         r  d_reg_reg[2]/D
  -------------------------------------------------------------------    -------------------

                         (clock sys_clk rise edge)    0.000     0.000 r  
    U14                                               0.000     0.000 r  clk (IN)
                         net (fo=0)                   0.000     0.000    clk
    U14                  IBUF (Prop_ibuf_I_O)         0.940     0.940 r  clk_IBUF_inst/O
                         net (fo=1, routed)           2.006     2.946    clk_IBUF
    BUFGCTRL_X0Y16       BUFG (Prop_bufg_I_O)         0.091     3.037 r  clk_IBUF_BUFG_inst/O
                         net (fo=83, routed)          1.478     4.515    clk_IBUF_BUFG
    SLICE_X32Y25         FDCE                                         r  d_reg_reg[2]/C

Slack:                    inf
  Source:                 d[6]
                            (input port)
  Destination:            d_reg_reg[6]/D
                            (rising edge-triggered cell FDCE clocked by sys_clk  {rise@0.000ns fall@4.000ns period=8.000ns})
  Path Group:             (none)
  Path Type:              Setup (Max at Slow Process Corner)
  Data Path Delay:        5.660ns  (logic 0.940ns (16.599%)  route 4.721ns (83.401%))
  Logic Levels:           1  (IBUF=1)
  Clock Path Skew:        4.517ns (DCD - SCD + CPR)
    Destination Clock Delay (DCD):    4.517ns
    Source Clock Delay      (SCD):    0.000ns
    Clock Pessimism Removal (CPR):    0.000ns
  Clock Uncertainty:      0.025ns  ((TSJ^2 + TIJ^2)^1/2 + DJ) / 2 + PE
    Total System Jitter     (TSJ):    0.050ns
    Total Input Jitter      (TIJ):    0.000ns
    Discrete Jitter          (DJ):    0.000ns
    Phase Error              (PE):    0.000ns

    Location             Delay type                Incr(ns)  Path(ns)    Netlist Resource(s)
  -------------------------------------------------------------------    -------------------
    N20                                               0.000     0.000 r  d[6] (IN)
                         net (fo=0)                   0.000     0.000    d[6]
    N20                  IBUF (Prop_ibuf_I_O)         0.940     0.940 r  d_IBUF[6]_inst/O
                         net (fo=1, routed)           4.721     5.660    d_IBUF[6]
    SLICE_X32Y26         FDCE                                         r  d_reg_reg[6]/D
  -------------------------------------------------------------------    -------------------

                         (clock sys_clk rise edge)    0.000     0.000 r  
    U14                                               0.000     0.000 r  clk (IN)
                         net (fo=0)                   0.000     0.000    clk
    U14                  IBUF (Prop_ibuf_I_O)         0.940     0.940 r  clk_IBUF_inst/O
                         net (fo=1, routed)           2.006     2.946    clk_IBUF
    BUFGCTRL_X0Y16       BUFG (Prop_bufg_I_O)         0.091     3.037 r  clk_IBUF_BUFG_inst/O
                         net (fo=83, routed)          1.480     4.517    clk_IBUF_BUFG
    SLICE_X32Y26         FDCE                                         r  d_reg_reg[6]/C

Slack:                    inf
  Source:                 d[1]
                            (input port)
  Destination:            d_reg_reg[1]/D
                            (rising edge-triggered cell FDCE clocked by sys_clk  {rise@0.000ns fall@4.000ns period=8.000ns})
  Path Group:             (none)
  Path Type:              Setup (Max at Slow Process Corner)
  Data Path Delay:        5.601ns  (logic 1.014ns (18.095%)  route 4.587ns (81.905%))
  Logic Levels:           1  (IBUF=1)
  Clock Path Skew:        4.516ns (DCD - SCD + CPR)
    Destination Clock Delay (DCD):    4.516ns
    Source Clock Delay      (SCD):    0.000ns
    Clock Pessimism Removal (CPR):    0.000ns
  Clock Uncertainty:      0.025ns  ((TSJ^2 + TIJ^2)^1/2 + DJ) / 2 + PE
    Total System Jitter     (TSJ):    0.050ns
    Total Input Jitter      (TIJ):    0.000ns
    Discrete Jitter          (DJ):    0.000ns
    Phase Error              (PE):    0.000ns

    Location             Delay type                Incr(ns)  Path(ns)    Netlist Resource(s)
  -------------------------------------------------------------------    -------------------
    W20                                               0.000     0.000 r  d[1] (IN)
                         net (fo=0)                   0.000     0.000    d[1]
    W20                  IBUF (Prop_ibuf_I_O)         1.014     1.014 r  d_IBUF[1]_inst/O
                         net (fo=1, routed)           4.587     5.601    d_IBUF[1]
    SLICE_X35Y25         FDCE                                         r  d_reg_reg[1]/D
  -------------------------------------------------------------------    -------------------

                         (clock sys_clk rise edge)    0.000     0.000 r  
    U14                                               0.000     0.000 r  clk (IN)
                         net (fo=0)                   0.000     0.000    clk
    U14                  IBUF (Prop_ibuf_I_O)         0.940     0.940 r  clk_IBUF_inst/O
                         net (fo=1, routed)           2.006     2.946    clk_IBUF
    BUFGCTRL_X0Y16       BUFG (Prop_bufg_I_O)         0.091     3.037 r  clk_IBUF_BUFG_inst/O
                         net (fo=83, routed)          1.479     4.516    clk_IBUF_BUFG
    SLICE_X35Y25         FDCE                                         r  d_reg_reg[1]/C

Slack:                    inf
  Source:                 d[7]
                            (input port)
  Destination:            d_reg_reg[7]/D
                            (rising edge-triggered cell FDCE clocked by sys_clk  {rise@0.000ns fall@4.000ns period=8.000ns})
  Path Group:             (none)
  Path Type:              Setup (Max at Slow Process Corner)
  Data Path Delay:        5.600ns  (logic 0.961ns (17.164%)  route 4.639ns (82.836%))
  Logic Levels:           1  (IBUF=1)
  Clock Path Skew:        4.518ns (DCD - SCD + CPR)
    Destination Clock Delay (DCD):    4.518ns
    Source Clock Delay      (SCD):    0.000ns
    Clock Pessimism Removal (CPR):    0.000ns
  Clock Uncertainty:      0.025ns  ((TSJ^2 + TIJ^2)^1/2 + DJ) / 2 + PE
    Total System Jitter     (TSJ):    0.050ns
    Total Input Jitter      (TIJ):    0.000ns
    Discrete Jitter          (DJ):    0.000ns
    Phase Error              (PE):    0.000ns

    Location             Delay type                Incr(ns)  Path(ns)    Netlist Resource(s)
  -------------------------------------------------------------------    -------------------
    P19                                               0.000     0.000 r  d[7] (IN)
                         net (fo=0)                   0.000     0.000    d[7]
    P19                  IBUF (Prop_ibuf_I_O)         0.961     0.961 r  d_IBUF[7]_inst/O
                         net (fo=1, routed)           4.639     5.600    d_IBUF[7]
    SLICE_X32Y27         FDCE                                         r  d_reg_reg[7]/D
  -------------------------------------------------------------------    -------------------

                         (clock sys_clk rise edge)    0.000     0.000 r  
    U14                                               0.000     0.000 r  clk (IN)
                         net (fo=0)                   0.000     0.000    clk
    U14                  IBUF (Prop_ibuf_I_O)         0.940     0.940 r  clk_IBUF_inst/O
                         net (fo=1, routed)           2.006     2.946    clk_IBUF
    BUFGCTRL_X0Y16       BUFG (Prop_bufg_I_O)         0.091     3.037 r  clk_IBUF_BUFG_inst/O
                         net (fo=83, routed)          1.481     4.518    clk_IBUF_BUFG
    SLICE_X32Y27         FDCE                                         r  d_reg_reg[7]/C

Slack:                    inf
  Source:                 d[4]
                            (input port)
  Destination:            d_reg_reg[4]/D
                            (rising edge-triggered cell FDCE clocked by sys_clk  {rise@0.000ns fall@4.000ns period=8.000ns})
  Path Group:             (none)
  Path Type:              Setup (Max at Slow Process Corner)
  Data Path Delay:        5.598ns  (logic 0.970ns (17.320%)  route 4.628ns (82.680%))
  Logic Levels:           1  (IBUF=1)
  Clock Path Skew:        4.518ns (DCD - SCD + CPR)
    Destination Clock Delay (DCD):    4.518ns
    Source Clock Delay      (SCD):    0.000ns
    Clock Pessimism Removal (CPR):    0.000ns
  Clock Uncertainty:      0.025ns  ((TSJ^2 + TIJ^2)^1/2 + DJ) / 2 + PE
    Total System Jitter     (TSJ):    0.050ns
    Total Input Jitter      (TIJ):    0.000ns
    Discrete Jitter          (DJ):    0.000ns
    Phase Error              (PE):    0.000ns

    Location             Delay type                Incr(ns)  Path(ns)    Netlist Resource(s)
  -------------------------------------------------------------------    -------------------
    T20                                               0.000     0.000 r  d[4] (IN)
                         net (fo=0)                   0.000     0.000    d[4]
    T20                  IBUF (Prop_ibuf_I_O)         0.970     0.970 r  d_IBUF[4]_inst/O
                         net (fo=1, routed)           4.628     5.598    d_IBUF[4]
    SLICE_X32Y27         FDCE                                         r  d_reg_reg[4]/D
  -------------------------------------------------------------------    -------------------

                         (clock sys_clk rise edge)    0.000     0.000 r  
    U14                                               0.000     0.000 r  clk (IN)
                         net (fo=0)                   0.000     0.000    clk
    U14                  IBUF (Prop_ibuf_I_O)         0.940     0.940 r  clk_IBUF_inst/O
                         net (fo=1, routed)           2.006     2.946    clk_IBUF
    BUFGCTRL_X0Y16       BUFG (Prop_bufg_I_O)         0.091     3.037 r  clk_IBUF_BUFG_inst/O
                         net (fo=83, routed)          1.481     4.518    clk_IBUF_BUFG
    SLICE_X32Y27         FDCE                                         r  d_reg_reg[4]/C

Slack:                    inf
  Source:                 d[5]
                            (input port)
  Destination:            d_reg_reg[5]/D
                            (rising edge-triggered cell FDCE clocked by sys_clk  {rise@0.000ns fall@4.000ns period=8.000ns})
  Path Group:             (none)
  Path Type:              Setup (Max at Slow Process Corner)
  Data Path Delay:        5.530ns  (logic 0.948ns (17.136%)  route 4.583ns (82.864%))
  Logic Levels:           1  (IBUF=1)
  Clock Path Skew:        4.517ns (DCD - SCD + CPR)
    Destination Clock Delay (DCD):    4.517ns
    Source Clock Delay      (SCD):    0.000ns
    Clock Pessimism Removal (CPR):    0.000ns
  Clock Uncertainty:      0.025ns  ((TSJ^2 + TIJ^2)^1/2 + DJ) / 2 + PE
    Total System Jitter     (TSJ):    0.050ns
    Total Input Jitter      (TIJ):    0.000ns
    Discrete Jitter          (DJ):    0.000ns
    Phase Error              (PE):    0.000ns

    Location             Delay type                Incr(ns)  Path(ns)    Netlist Resource(s)
  -------------------------------------------------------------------    -------------------
    P20                                               0.000     0.000 r  d[5] (IN)
                         net (fo=0)                   0.000     0.000    d[5]
    P20                  IBUF (Prop_ibuf_I_O)         0.948     0.948 r  d_IBUF[5]_inst/O
                         net (fo=1, routed)           4.583     5.530    d_IBUF[5]
    SLICE_X32Y26         FDCE                                         r  d_reg_reg[5]/D
  -------------------------------------------------------------------    -------------------

                         (clock sys_clk rise edge)    0.000     0.000 r  
    U14                                               0.000     0.000 r  clk (IN)
                         net (fo=0)                   0.000     0.000    clk
    U14                  IBUF (Prop_ibuf_I_O)         0.940     0.940 r  clk_IBUF_inst/O
                         net (fo=1, routed)           2.006     2.946    clk_IBUF
    BUFGCTRL_X0Y16       BUFG (Prop_bufg_I_O)         0.091     3.037 r  clk_IBUF_BUFG_inst/O
                         net (fo=83, routed)          1.480     4.517    clk_IBUF_BUFG
    SLICE_X32Y26         FDCE                                         r  d_reg_reg[5]/C

Slack:                    inf
  Source:                 c[6]
                            (input port)
  Destination:            c_reg_reg[6]/D
                            (rising edge-triggered cell FDCE clocked by sys_clk  {rise@0.000ns fall@4.000ns period=8.000ns})
  Path Group:             (none)
  Path Type:              Setup (Max at Slow Process Corner)
  Data Path Delay:        5.495ns  (logic 0.983ns (17.895%)  route 4.511ns (82.105%))
  Logic Levels:           1  (IBUF=1)
  Clock Path Skew:        4.518ns (DCD - SCD + CPR)
    Destination Clock Delay (DCD):    4.518ns
    Source Clock Delay      (SCD):    0.000ns
    Clock Pessimism Removal (CPR):    0.000ns
  Clock Uncertainty:      0.025ns  ((TSJ^2 + TIJ^2)^1/2 + DJ) / 2 + PE
    Total System Jitter     (TSJ):    0.050ns
    Total Input Jitter      (TIJ):    0.000ns
    Discrete Jitter          (DJ):    0.000ns
    Phase Error              (PE):    0.000ns

    Location             Delay type                Incr(ns)  Path(ns)    Netlist Resource(s)
  -------------------------------------------------------------------    -------------------
    V16                                               0.000     0.000 r  c[6] (IN)
                         net (fo=0)                   0.000     0.000    c[6]
    V16                  IBUF (Prop_ibuf_I_O)         0.983     0.983 r  c_IBUF[6]_inst/O
                         net (fo=1, routed)           4.511     5.495    c_IBUF[6]
    SLICE_X34Y26         FDCE                                         r  c_reg_reg[6]/D
  -------------------------------------------------------------------    -------------------

                         (clock sys_clk rise edge)    0.000     0.000 r  
    U14                                               0.000     0.000 r  clk (IN)
                         net (fo=0)                   0.000     0.000    clk
    U14                  IBUF (Prop_ibuf_I_O)         0.940     0.940 r  clk_IBUF_inst/O
                         net (fo=1, routed)           2.006     2.946    clk_IBUF
    BUFGCTRL_X0Y16       BUFG (Prop_bufg_I_O)         0.091     3.037 r  clk_IBUF_BUFG_inst/O
                         net (fo=83, routed)          1.481     4.518    clk_IBUF_BUFG
    SLICE_X34Y26         FDCE                                         r  c_reg_reg[6]/C

Slack:                    inf
  Source:                 c[7]
                            (input port)
  Destination:            c_reg_reg[7]/D
                            (rising edge-triggered cell FDCE clocked by sys_clk  {rise@0.000ns fall@4.000ns period=8.000ns})
  Path Group:             (none)
  Path Type:              Setup (Max at Slow Process Corner)
  Data Path Delay:        5.450ns  (logic 1.004ns (18.415%)  route 4.446ns (81.585%))
  Logic Levels:           1  (IBUF=1)
  Clock Path Skew:        4.521ns (DCD - SCD + CPR)
    Destination Clock Delay (DCD):    4.521ns
    Source Clock Delay      (SCD):    0.000ns
    Clock Pessimism Removal (CPR):    0.000ns
  Clock Uncertainty:      0.025ns  ((TSJ^2 + TIJ^2)^1/2 + DJ) / 2 + PE
    Total System Jitter     (TSJ):    0.050ns
    Total Input Jitter      (TIJ):    0.000ns
    Discrete Jitter          (DJ):    0.000ns
    Phase Error              (PE):    0.000ns

    Location             Delay type                Incr(ns)  Path(ns)    Netlist Resource(s)
  -------------------------------------------------------------------    -------------------
    Y19                                               0.000     0.000 r  c[7] (IN)
                         net (fo=0)                   0.000     0.000    c[7]
    Y19                  IBUF (Prop_ibuf_I_O)         1.004     1.004 r  c_IBUF[7]_inst/O
                         net (fo=1, routed)           4.446     5.450    c_IBUF[7]
    SLICE_X35Y28         FDCE                                         r  c_reg_reg[7]/D
  -------------------------------------------------------------------    -------------------

                         (clock sys_clk rise edge)    0.000     0.000 r  
    U14                                               0.000     0.000 r  clk (IN)
                         net (fo=0)                   0.000     0.000    clk
    U14                  IBUF (Prop_ibuf_I_O)         0.940     0.940 r  clk_IBUF_inst/O
                         net (fo=1, routed)           2.006     2.946    clk_IBUF
    BUFGCTRL_X0Y16       BUFG (Prop_bufg_I_O)         0.091     3.037 r  clk_IBUF_BUFG_inst/O
                         net (fo=83, routed)          1.484     4.521    clk_IBUF_BUFG
    SLICE_X35Y28         FDCE                                         r  c_reg_reg[7]/C

Slack:                    inf
  Source:                 d[3]
                            (input port)
  Destination:            d_reg_reg[3]/D
                            (rising edge-triggered cell FDCE clocked by sys_clk  {rise@0.000ns fall@4.000ns period=8.000ns})
  Path Group:             (none)
  Path Type:              Setup (Max at Slow Process Corner)
  Data Path Delay:        5.442ns  (logic 0.970ns (17.830%)  route 4.472ns (82.170%))
  Logic Levels:           1  (IBUF=1)
  Clock Path Skew:        4.515ns (DCD - SCD + CPR)
    Destination Clock Delay (DCD):    4.515ns
    Source Clock Delay      (SCD):    0.000ns
    Clock Pessimism Removal (CPR):    0.000ns
  Clock Uncertainty:      0.025ns  ((TSJ^2 + TIJ^2)^1/2 + DJ) / 2 + PE
    Total System Jitter     (TSJ):    0.050ns
    Total Input Jitter      (TIJ):    0.000ns
    Discrete Jitter          (DJ):    0.000ns
    Phase Error              (PE):    0.000ns

    Location             Delay type                Incr(ns)  Path(ns)    Netlist Resource(s)
  -------------------------------------------------------------------    -------------------
    U20                                               0.000     0.000 r  d[3] (IN)
                         net (fo=0)                   0.000     0.000    d[3]
    U20                  IBUF (Prop_ibuf_I_O)         0.970     0.970 r  d_IBUF[3]_inst/O
                         net (fo=1, routed)           4.472     5.442    d_IBUF[3]
    SLICE_X32Y25         FDCE                                         r  d_reg_reg[3]/D
  -------------------------------------------------------------------    -------------------

                         (clock sys_clk rise edge)    0.000     0.000 r  
    U14                                               0.000     0.000 r  clk (IN)
                         net (fo=0)                   0.000     0.000    clk
    U14                  IBUF (Prop_ibuf_I_O)         0.940     0.940 r  clk_IBUF_inst/O
                         net (fo=1, routed)           2.006     2.946    clk_IBUF
    BUFGCTRL_X0Y16       BUFG (Prop_bufg_I_O)         0.091     3.037 r  clk_IBUF_BUFG_inst/O
                         net (fo=83, routed)          1.478     4.515    clk_IBUF_BUFG
    SLICE_X32Y25         FDCE                                         r  d_reg_reg[3]/C

Slack:                    inf
  Source:                 c[3]
                            (input port)
  Destination:            c_reg_reg[3]/D
                            (rising edge-triggered cell FDCE clocked by sys_clk  {rise@0.000ns fall@4.000ns period=8.000ns})
  Path Group:             (none)
  Path Type:              Setup (Max at Slow Process Corner)
  Data Path Delay:        5.426ns  (logic 0.958ns (17.663%)  route 4.468ns (82.337%))
  Logic Levels:           1  (IBUF=1)
  Clock Path Skew:        4.516ns (DCD - SCD + CPR)
    Destination Clock Delay (DCD):    4.516ns
    Source Clock Delay      (SCD):    0.000ns
    Clock Pessimism Removal (CPR):    0.000ns
  Clock Uncertainty:      0.025ns  ((TSJ^2 + TIJ^2)^1/2 + DJ) / 2 + PE
    Total System Jitter     (TSJ):    0.050ns
    Total Input Jitter      (TIJ):    0.000ns
    Discrete Jitter          (DJ):    0.000ns
    Phase Error              (PE):    0.000ns

    Location             Delay type                Incr(ns)  Path(ns)    Netlist Resource(s)
  -------------------------------------------------------------------    -------------------
    R17                                               0.000     0.000 r  c[3] (IN)
                         net (fo=0)                   0.000     0.000    c[3]
    R17                  IBUF (Prop_ibuf_I_O)         0.958     0.958 r  c_IBUF[3]_inst/O
                         net (fo=1, routed)           4.468     5.426    c_IBUF[3]
    SLICE_X34Y25         FDCE                                         r  c_reg_reg[3]/D
  -------------------------------------------------------------------    -------------------

                         (clock sys_clk rise edge)    0.000     0.000 r  
    U14                                               0.000     0.000 r  clk (IN)
                         net (fo=0)                   0.000     0.000    clk
    U14                  IBUF (Prop_ibuf_I_O)         0.940     0.940 r  clk_IBUF_inst/O
                         net (fo=1, routed)           2.006     2.946    clk_IBUF
    BUFGCTRL_X0Y16       BUFG (Prop_bufg_I_O)         0.091     3.037 r  clk_IBUF_BUFG_inst/O
                         net (fo=83, routed)          1.479     4.516    clk_IBUF_BUFG
    SLICE_X34Y25         FDCE                                         r  c_reg_reg[3]/C





Min Delay Paths
--------------------------------------------------------------------------------------
Slack:                    inf
  Source:                 a[6]
                            (input port)
  Destination:            a_reg_reg[6]/D
                            (rising edge-triggered cell FDCE clocked by sys_clk  {rise@0.000ns fall@4.000ns period=8.000ns})
  Path Group:             (none)
  Path Type:              Hold (Min at Fast Process Corner)
  Data Path Delay:        1.325ns  (logic 0.172ns (12.970%)  route 1.153ns (87.030%))
  Logic Levels:           1  (IBUF=1)
  Clock Path Skew:        2.067ns (DCD - SCD - CPR)
    Destination Clock Delay (DCD):    2.067ns
    Source Clock Delay      (SCD):    0.000ns
    Clock Pessimism Removal (CPR):    -0.000ns

    Location             Delay type                Incr(ns)  Path(ns)    Netlist Resource(s)
  -------------------------------------------------------------------    -------------------
    U5                                                0.000     0.000 r  a[6] (IN)
                         net (fo=0)                   0.000     0.000    a[6]
    U5                   IBUF (Prop_ibuf_I_O)         0.172     0.172 r  a_IBUF[6]_inst/O
                         net (fo=1, routed)           1.153     1.325    a_IBUF[6]
    SLICE_X34Y23         FDCE                                         r  a_reg_reg[6]/D
  -------------------------------------------------------------------    -------------------

                         (clock sys_clk rise edge)    0.000     0.000 r  
    U14                                               0.000     0.000 r  clk (IN)
                         net (fo=0)                   0.000     0.000    clk
    U14                  IBUF (Prop_ibuf_I_O)         0.492     0.492 r  clk_IBUF_inst/O
                         net (fo=1, routed)           0.731     1.223    clk_IBUF
    BUFGCTRL_X0Y16       BUFG (Prop_bufg_I_O)         0.029     1.252 r  clk_IBUF_BUFG_inst/O
                         net (fo=83, routed)          0.815     2.067    clk_IBUF_BUFG
    SLICE_X34Y23         FDCE                                         r  a_reg_reg[6]/C

Slack:                    inf
  Source:                 a[0]
                            (input port)
  Destination:            a_reg_reg[0]/D
                            (rising edge-triggered cell FDCE clocked by sys_clk  {rise@0.000ns fall@4.000ns period=8.000ns})
  Path Group:             (none)
  Path Type:              Hold (Min at Fast Process Corner)
  Data Path Delay:        1.332ns  (logic 0.185ns (13.871%)  route 1.147ns (86.129%))
  Logic Levels:           1  (IBUF=1)
  Clock Path Skew:        2.071ns (DCD - SCD - CPR)
    Destination Clock Delay (DCD):    2.071ns
    Source Clock Delay      (SCD):    0.000ns
    Clock Pessimism Removal (CPR):    -0.000ns

    Location             Delay type                Incr(ns)  Path(ns)    Netlist Resource(s)
  -------------------------------------------------------------------    -------------------
    W6                                                0.000     0.000 r  a[0] (IN)
                         net (fo=0)                   0.000     0.000    a[0]
    W6                   IBUF (Prop_ibuf_I_O)         0.185     0.185 r  a_IBUF[0]_inst/O
                         net (fo=1, routed)           1.147     1.332    a_IBUF[0]
    SLICE_X34Y20         FDCE                                         r  a_reg_reg[0]/D
  -------------------------------------------------------------------    -------------------

                         (clock sys_clk rise edge)    0.000     0.000 r  
    U14                                               0.000     0.000 r  clk (IN)
                         net (fo=0)                   0.000     0.000    clk
    U14                  IBUF (Prop_ibuf_I_O)         0.492     0.492 r  clk_IBUF_inst/O
                         net (fo=1, routed)           0.731     1.223    clk_IBUF
    BUFGCTRL_X0Y16       BUFG (Prop_bufg_I_O)         0.029     1.252 r  clk_IBUF_BUFG_inst/O
                         net (fo=83, routed)          0.819     2.071    clk_IBUF_BUFG
    SLICE_X34Y20         FDCE                                         r  a_reg_reg[0]/C

Slack:                    inf
  Source:                 a[3]
                            (input port)
  Destination:            a_reg_reg[3]/D
                            (rising edge-triggered cell FDCE clocked by sys_clk  {rise@0.000ns fall@4.000ns period=8.000ns})
  Path Group:             (none)
  Path Type:              Hold (Min at Fast Process Corner)
  Data Path Delay:        1.360ns  (logic 0.220ns (16.192%)  route 1.140ns (83.808%))
  Logic Levels:           1  (IBUF=1)
  Clock Path Skew:        2.067ns (DCD - SCD - CPR)
    Destination Clock Delay (DCD):    2.067ns
    Source Clock Delay      (SCD):    0.000ns
    Clock Pessimism Removal (CPR):    -0.000ns

    Location             Delay type                Incr(ns)  Path(ns)    Netlist Resource(s)
  -------------------------------------------------------------------    -------------------
    V11                                               0.000     0.000 r  a[3] (IN)
                         net (fo=0)                   0.000     0.000    a[3]
    V11                  IBUF (Prop_ibuf_I_O)         0.220     0.220 r  a_IBUF[3]_inst/O
                         net (fo=1, routed)           1.140     1.360    a_IBUF[3]
    SLICE_X35Y23         FDCE                                         r  a_reg_reg[3]/D
  -------------------------------------------------------------------    -------------------

                         (clock sys_clk rise edge)    0.000     0.000 r  
    U14                                               0.000     0.000 r  clk (IN)
                         net (fo=0)                   0.000     0.000    clk
    U14                  IBUF (Prop_ibuf_I_O)         0.492     0.492 r  clk_IBUF_inst/O
                         net (fo=1, routed)           0.731     1.223    clk_IBUF
    BUFGCTRL_X0Y16       BUFG (Prop_bufg_I_O)         0.029     1.252 r  clk_IBUF_BUFG_inst/O
                         net (fo=83, routed)          0.815     2.067    clk_IBUF_BUFG
    SLICE_X35Y23         FDCE                                         r  a_reg_reg[3]/C

Slack:                    inf
  Source:                 a[1]
                            (input port)
  Destination:            a_reg_reg[1]/D
                            (rising edge-triggered cell FDCE clocked by sys_clk  {rise@0.000ns fall@4.000ns period=8.000ns})
  Path Group:             (none)
  Path Type:              Hold (Min at Fast Process Corner)
  Data Path Delay:        1.386ns  (logic 0.179ns (12.955%)  route 1.206ns (87.045%))
  Logic Levels:           1  (IBUF=1)
  Clock Path Skew:        2.071ns (DCD - SCD - CPR)
    Destination Clock Delay (DCD):    2.071ns
    Source Clock Delay      (SCD):    0.000ns
    Clock Pessimism Removal (CPR):    -0.000ns

    Location             Delay type                Incr(ns)  Path(ns)    Netlist Resource(s)
  -------------------------------------------------------------------    -------------------
    V6                                                0.000     0.000 r  a[1] (IN)
                         net (fo=0)                   0.000     0.000    a[1]
    V6                   IBUF (Prop_ibuf_I_O)         0.179     0.179 r  a_IBUF[1]_inst/O
                         net (fo=1, routed)           1.206     1.386    a_IBUF[1]
    SLICE_X34Y20         FDCE                                         r  a_reg_reg[1]/D
  -------------------------------------------------------------------    -------------------

                         (clock sys_clk rise edge)    0.000     0.000 r  
    U14                                               0.000     0.000 r  clk (IN)
                         net (fo=0)                   0.000     0.000    clk
    U14                  IBUF (Prop_ibuf_I_O)         0.492     0.492 r  clk_IBUF_inst/O
                         net (fo=1, routed)           0.731     1.223    clk_IBUF
    BUFGCTRL_X0Y16       BUFG (Prop_bufg_I_O)         0.029     1.252 r  clk_IBUF_BUFG_inst/O
                         net (fo=83, routed)          0.819     2.071    clk_IBUF_BUFG
    SLICE_X34Y20         FDCE                                         r  a_reg_reg[1]/C

Slack:                    inf
  Source:                 a[4]
                            (input port)
  Destination:            a_reg_reg[4]/D
                            (rising edge-triggered cell FDCE clocked by sys_clk  {rise@0.000ns fall@4.000ns period=8.000ns})
  Path Group:             (none)
  Path Type:              Hold (Min at Fast Process Corner)
  Data Path Delay:        1.400ns  (logic 0.262ns (18.689%)  route 1.138ns (81.311%))
  Logic Levels:           1  (IBUF=1)
  Clock Path Skew:        2.067ns (DCD - SCD - CPR)
    Destination Clock Delay (DCD):    2.067ns
    Source Clock Delay      (SCD):    0.000ns
    Clock Pessimism Removal (CPR):    -0.000ns

    Location             Delay type                Incr(ns)  Path(ns)    Netlist Resource(s)
  -------------------------------------------------------------------    -------------------
    Y13                                               0.000     0.000 r  a[4] (IN)
                         net (fo=0)                   0.000     0.000    a[4]
    Y13                  IBUF (Prop_ibuf_I_O)         0.262     0.262 r  a_IBUF[4]_inst/O
                         net (fo=1, routed)           1.138     1.400    a_IBUF[4]
    SLICE_X34Y23         FDCE                                         r  a_reg_reg[4]/D
  -------------------------------------------------------------------    -------------------

                         (clock sys_clk rise edge)    0.000     0.000 r  
    U14                                               0.000     0.000 r  clk (IN)
                         net (fo=0)                   0.000     0.000    clk
    U14                  IBUF (Prop_ibuf_I_O)         0.492     0.492 r  clk_IBUF_inst/O
                         net (fo=1, routed)           0.731     1.223    clk_IBUF
    BUFGCTRL_X0Y16       BUFG (Prop_bufg_I_O)         0.029     1.252 r  clk_IBUF_BUFG_inst/O
                         net (fo=83, routed)          0.815     2.067    clk_IBUF_BUFG
    SLICE_X34Y23         FDCE                                         r  a_reg_reg[4]/C

Slack:                    inf
  Source:                 a[2]
                            (input port)
  Destination:            a_reg_reg[2]/D
                            (rising edge-triggered cell FDCE clocked by sys_clk  {rise@0.000ns fall@4.000ns period=8.000ns})
  Path Group:             (none)
  Path Type:              Hold (Min at Fast Process Corner)
  Data Path Delay:        1.401ns  (logic 0.218ns (15.580%)  route 1.183ns (84.420%))
  Logic Levels:           1  (IBUF=1)
  Clock Path Skew:        2.071ns (DCD - SCD - CPR)
    Destination Clock Delay (DCD):    2.071ns
    Source Clock Delay      (SCD):    0.000ns
    Clock Pessimism Removal (CPR):    -0.000ns

    Location             Delay type                Incr(ns)  Path(ns)    Netlist Resource(s)
  -------------------------------------------------------------------    -------------------
    V10                                               0.000     0.000 r  a[2] (IN)
                         net (fo=0)                   0.000     0.000    a[2]
    V10                  IBUF (Prop_ibuf_I_O)         0.218     0.218 r  a_IBUF[2]_inst/O
                         net (fo=1, routed)           1.183     1.401    a_IBUF[2]
    SLICE_X34Y20         FDCE                                         r  a_reg_reg[2]/D
  -------------------------------------------------------------------    -------------------

                         (clock sys_clk rise edge)    0.000     0.000 r  
    U14                                               0.000     0.000 r  clk (IN)
                         net (fo=0)                   0.000     0.000    clk
    U14                  IBUF (Prop_ibuf_I_O)         0.492     0.492 r  clk_IBUF_inst/O
                         net (fo=1, routed)           0.731     1.223    clk_IBUF
    BUFGCTRL_X0Y16       BUFG (Prop_bufg_I_O)         0.029     1.252 r  clk_IBUF_BUFG_inst/O
                         net (fo=83, routed)          0.819     2.071    clk_IBUF_BUFG
    SLICE_X34Y20         FDCE                                         r  a_reg_reg[2]/C

Slack:                    inf
  Source:                 a[7]
                            (input port)
  Destination:            a_reg_reg[7]/D
                            (rising edge-triggered cell FDCE clocked by sys_clk  {rise@0.000ns fall@4.000ns period=8.000ns})
  Path Group:             (none)
  Path Type:              Hold (Min at Fast Process Corner)
  Data Path Delay:        1.403ns  (logic 0.229ns (16.314%)  route 1.174ns (83.686%))
  Logic Levels:           1  (IBUF=1)
  Clock Path Skew:        2.067ns (DCD - SCD - CPR)
    Destination Clock Delay (DCD):    2.067ns
    Source Clock Delay      (SCD):    0.000ns
    Clock Pessimism Removal (CPR):    -0.000ns

    Location             Delay type                Incr(ns)  Path(ns)    Netlist Resource(s)
  -------------------------------------------------------------------    -------------------
    T5                                                0.000     0.000 r  a[7] (IN)
                         net (fo=0)                   0.000     0.000    a[7]
    T5                   IBUF (Prop_ibuf_I_O)         0.229     0.229 r  a_IBUF[7]_inst/O
                         net (fo=1, routed)           1.174     1.403    a_IBUF[7]
    SLICE_X34Y23         FDCE                                         r  a_reg_reg[7]/D
  -------------------------------------------------------------------    -------------------

                         (clock sys_clk rise edge)    0.000     0.000 r  
    U14                                               0.000     0.000 r  clk (IN)
                         net (fo=0)                   0.000     0.000    clk
    U14                  IBUF (Prop_ibuf_I_O)         0.492     0.492 r  clk_IBUF_inst/O
                         net (fo=1, routed)           0.731     1.223    clk_IBUF
    BUFGCTRL_X0Y16       BUFG (Prop_bufg_I_O)         0.029     1.252 r  clk_IBUF_BUFG_inst/O
                         net (fo=83, routed)          0.815     2.067    clk_IBUF_BUFG
    SLICE_X34Y23         FDCE                                         r  a_reg_reg[7]/C

Slack:                    inf
  Source:                 rst
                            (input port)
  Destination:            a_reg_reg[0]/CLR
                            (removal check against rising-edge clock sys_clk  {rise@0.000ns fall@4.000ns period=8.000ns})
  Path Group:             (none)
  Path Type:              Removal (Min at Fast Process Corner)
  Data Path Delay:        1.420ns  (logic 0.247ns (17.374%)  route 1.173ns (82.626%))
  Logic Levels:           1  (IBUF=1)
  Clock Path Skew:        2.071ns (DCD - SCD - CPR)
    Destination Clock Delay (DCD):    2.071ns
    Source Clock Delay      (SCD):    0.000ns
    Clock Pessimism Removal (CPR):    -0.000ns

    Location             Delay type                Incr(ns)  Path(ns)    Netlist Resource(s)
  -------------------------------------------------------------------    -------------------
    Y11                                               0.000     0.000 f  rst (IN)
                         net (fo=0)                   0.000     0.000    rst
    Y11                  IBUF (Prop_ibuf_I_O)         0.247     0.247 f  rst_IBUF_inst/O
                         net (fo=82, routed)          1.173     1.420    rst_IBUF
    SLICE_X34Y20         FDCE                                         f  a_reg_reg[0]/CLR
  -------------------------------------------------------------------    -------------------

                         (clock sys_clk rise edge)    0.000     0.000 r  
    U14                                               0.000     0.000 r  clk (IN)
                         net (fo=0)                   0.000     0.000    clk
    U14                  IBUF (Prop_ibuf_I_O)         0.492     0.492 r  clk_IBUF_inst/O
                         net (fo=1, routed)           0.731     1.223    clk_IBUF
    BUFGCTRL_X0Y16       BUFG (Prop_bufg_I_O)         0.029     1.252 r  clk_IBUF_BUFG_inst/O
                         net (fo=83, routed)          0.819     2.071    clk_IBUF_BUFG
    SLICE_X34Y20         FDCE                                         r  a_reg_reg[0]/C

Slack:                    inf
  Source:                 rst
                            (input port)
  Destination:            a_reg_reg[1]/CLR
                            (removal check against rising-edge clock sys_clk  {rise@0.000ns fall@4.000ns period=8.000ns})
  Path Group:             (none)
  Path Type:              Removal (Min at Fast Process Corner)
  Data Path Delay:        1.420ns  (logic 0.247ns (17.374%)  route 1.173ns (82.626%))
  Logic Levels:           1  (IBUF=1)
  Clock Path Skew:        2.071ns (DCD - SCD - CPR)
    Destination Clock Delay (DCD):    2.071ns
    Source Clock Delay      (SCD):    0.000ns
    Clock Pessimism Removal (CPR):    -0.000ns

    Location             Delay type                Incr(ns)  Path(ns)    Netlist Resource(s)
  -------------------------------------------------------------------    -------------------
    Y11                                               0.000     0.000 f  rst (IN)
                         net (fo=0)                   0.000     0.000    rst
    Y11                  IBUF (Prop_ibuf_I_O)         0.247     0.247 f  rst_IBUF_inst/O
                         net (fo=82, routed)          1.173     1.420    rst_IBUF
    SLICE_X34Y20         FDCE                                         f  a_reg_reg[1]/CLR
  -------------------------------------------------------------------    -------------------

                         (clock sys_clk rise edge)    0.000     0.000 r  
    U14                                               0.000     0.000 r  clk (IN)
                         net (fo=0)                   0.000     0.000    clk
    U14                  IBUF (Prop_ibuf_I_O)         0.492     0.492 r  clk_IBUF_inst/O
                         net (fo=1, routed)           0.731     1.223    clk_IBUF
    BUFGCTRL_X0Y16       BUFG (Prop_bufg_I_O)         0.029     1.252 r  clk_IBUF_BUFG_inst/O
                         net (fo=83, routed)          0.819     2.071    clk_IBUF_BUFG
    SLICE_X34Y20         FDCE                                         r  a_reg_reg[1]/C

Slack:                    inf
  Source:                 rst
                            (input port)
  Destination:            a_reg_reg[2]/CLR
                            (removal check against rising-edge clock sys_clk  {rise@0.000ns fall@4.000ns period=8.000ns})
  Path Group:             (none)
  Path Type:              Removal (Min at Fast Process Corner)
  Data Path Delay:        1.420ns  (logic 0.247ns (17.374%)  route 1.173ns (82.626%))
  Logic Levels:           1  (IBUF=1)
  Clock Path Skew:        2.071ns (DCD - SCD - CPR)
    Destination Clock Delay (DCD):    2.071ns
    Source Clock Delay      (SCD):    0.000ns
    Clock Pessimism Removal (CPR):    -0.000ns

    Location             Delay type                Incr(ns)  Path(ns)    Netlist Resource(s)
  -------------------------------------------------------------------    -------------------
    Y11                                               0.000     0.000 f  rst (IN)
                         net (fo=0)                   0.000     0.000    rst
    Y11                  IBUF (Prop_ibuf_I_O)         0.247     0.247 f  rst_IBUF_inst/O
                         net (fo=82, routed)          1.173     1.420    rst_IBUF
    SLICE_X34Y20         FDCE                                         f  a_reg_reg[2]/CLR
  -------------------------------------------------------------------    -------------------

                         (clock sys_clk rise edge)    0.000     0.000 r  
    U14                                               0.000     0.000 r  clk (IN)
                         net (fo=0)                   0.000     0.000    clk
    U14                  IBUF (Prop_ibuf_I_O)         0.492     0.492 r  clk_IBUF_inst/O
                         net (fo=1, routed)           0.731     1.223    clk_IBUF
    BUFGCTRL_X0Y16       BUFG (Prop_bufg_I_O)         0.029     1.252 r  clk_IBUF_BUFG_inst/O
                         net (fo=83, routed)          0.819     2.071    clk_IBUF_BUFG
    SLICE_X34Y20         FDCE                                         r  a_reg_reg[2]/C





