Copyright 1986-2022 Xilinx, Inc. All Rights Reserved. Copyright 2022-2025 Advanced Micro Devices, Inc. All Rights Reserved.
---------------------------------------------------------------------------------------------------------------------------------------------------------------------------------------------------------------------
| Tool Version : Vivado v.2025.2 (win64) Build 6299465 Fri Nov 14 19:35:11 GMT 2025
| Date         : Tue Sep 22 16:27:40 2026
| Host         : SERHII_WORK running 64-bit major release  (build 9200)
| Command      : report_timing_summary -max_paths 10 -routable_nets -report_unconstrained -file alu_timing_summary_routed.rpt -pb alu_timing_summary_routed.pb -rpx alu_timing_summary_routed.rpx -warn_on_violation
| Design       : alu
| Device       : 7z020-clg400
| Speed File   : -1  PRODUCTION 1.12 2019-11-22
| Design State : Routed
---------------------------------------------------------------------------------------------------------------------------------------------------------------------------------------------------------------------

Timing Summary Report

------------------------------------------------------------------------------------------------
| Timer Settings
| --------------
------------------------------------------------------------------------------------------------

  Enable Multi Corner Analysis               :  Yes
  Enable Pessimism Removal                   :  Yes
  Pessimism Removal Resolution               :  Nearest Common Node
  Enable Input Delay Default Clock           :  No
  Enable Preset / Clear Arcs                 :  No
  Disable Flight Delays                      :  No
  Ignore I/O Paths                           :  No
  Timing Early Launch at Borrowing Latches   :  No
  Borrow Time for Max Delay Exceptions       :  Yes
  Merge Timing Exceptions                    :  Yes
  Inter-SLR Compensation                     :  Conservative

  Corner  Analyze    Analyze    
  Name    Max Paths  Min Paths  
  ------  ---------  ---------  
  Slow    Yes        Yes        
  Fast    Yes        Yes        


------------------------------------------------------------------------------------------------
| Report Methodology
| ------------------
------------------------------------------------------------------------------------------------

Rule       Severity  Description                    Violations  
---------  --------  -----------------------------  ----------  
TIMING-18  Warning   Missing input or output delay  15          

Note: This report is based on the most recent report_methodology run and may not be up-to-date. Run report_methodology on the current design for the latest report.



check_timing report

Table of Contents
-----------------
1. checking no_clock (0)
2. checking constant_clock (0)
3. checking pulse_width_clock (0)
4. checking unconstrained_internal_endpoints (0)
5. checking no_input_delay (11)
6. checking no_output_delay (4)
7. checking multiple_clock (0)
8. checking generated_clocks (0)
9. checking loops (0)
10. checking partial_input_delay (0)
11. checking partial_output_delay (0)
12. checking latch_loops (0)

1. checking no_clock (0)
------------------------
 There are 0 register/latch pins with no clock.


2. checking constant_clock (0)
------------------------------
 There are 0 register/latch pins with constant_clock.


3. checking pulse_width_clock (0)
---------------------------------
 There are 0 register/latch pins which need pulse_width check


4. checking unconstrained_internal_endpoints (0)
------------------------------------------------
 There are 0 pins that are not constrained for maximum delay.

 There are 0 pins that are not constrained for maximum delay due to constant clock.


5. checking no_input_delay (11)
-------------------------------
 There are 11 input ports with no input delay specified. (HIGH)

 There are 0 input ports with no input delay but user has a false path constraint.


6. checking no_output_delay (4)
-------------------------------
 There are 4 ports with no output delay specified. (HIGH)

 There are 0 ports with no output delay but user has a false path constraint

 There are 0 ports with no output delay but with a timing clock defined on it or propagating through it


7. checking multiple_clock (0)
------------------------------
 There are 0 register/latch pins with multiple clocks.


8. checking generated_clocks (0)
--------------------------------
 There are 0 generated clocks that are not connected to a clock source.


9. checking loops (0)
---------------------
 There are 0 combinational loops in the design.


10. checking partial_input_delay (0)
------------------------------------
 There are 0 input ports with partial input delay specified.


11. checking partial_output_delay (0)
-------------------------------------
 There are 0 ports with partial output delay specified.


12. checking latch_loops (0)
----------------------------
 There are 0 combinational latch loops in the design through latch input



------------------------------------------------------------------------------------------------
| Design Timing Summary
| ---------------------
------------------------------------------------------------------------------------------------

    WNS(ns)      TNS(ns)  TNS Failing Endpoints  TNS Total Endpoints      WHS(ns)      THS(ns)  THS Failing Endpoints  THS Total Endpoints     WPWS(ns)     TPWS(ns)  TPWS Failing Endpoints  TPWS Total Endpoints  
    -------      -------  ---------------------  -------------------      -------      -------  ---------------------  -------------------     --------     --------  ----------------------  --------------------  
     -0.388       -0.553                      2                    4        0.229        0.000                      0                    4       -0.655       -0.655                       1                    15  


Timing constraints are not met.


------------------------------------------------------------------------------------------------
| Clock Summary
| -------------
------------------------------------------------------------------------------------------------

Clock    Waveform(ns)         Period(ns)      Frequency(MHz)
-----    ------------         ----------      --------------
sys_clk  {0.000 0.750}        1.500           666.667         


------------------------------------------------------------------------------------------------
| Intra Clock Table
| -----------------
------------------------------------------------------------------------------------------------

Clock             WNS(ns)      TNS(ns)  TNS Failing Endpoints  TNS Total Endpoints      WHS(ns)      THS(ns)  THS Failing Endpoints  THS Total Endpoints     WPWS(ns)     TPWS(ns)  TPWS Failing Endpoints  TPWS Total Endpoints  
-----             -------      -------  ---------------------  -------------------      -------      -------  ---------------------  -------------------     --------     --------  ----------------------  --------------------  
sys_clk            -0.388       -0.553                      2                    4        0.229        0.000                      0                    4       -0.655       -0.655                       1                    15  


------------------------------------------------------------------------------------------------
| Inter Clock Table
| -----------------
------------------------------------------------------------------------------------------------

From Clock    To Clock          WNS(ns)      TNS(ns)  TNS Failing Endpoints  TNS Total Endpoints      WHS(ns)      THS(ns)  THS Failing Endpoints  THS Total Endpoints  
----------    --------          -------      -------  ---------------------  -------------------      -------      -------  ---------------------  -------------------  


------------------------------------------------------------------------------------------------
| Other Path Groups Table
| -----------------------
------------------------------------------------------------------------------------------------

Path Group    From Clock    To Clock          WNS(ns)      TNS(ns)  TNS Failing Endpoints  TNS Total Endpoints      WHS(ns)      THS(ns)  THS Failing Endpoints  THS Total Endpoints  
----------    ----------    --------          -------      -------  ---------------------  -------------------      -------      -------  ---------------------  -------------------  


------------------------------------------------------------------------------------------------
| User Ignored Path Table
| -----------------------
------------------------------------------------------------------------------------------------

Path Group    From Clock    To Clock    
----------    ----------    --------    


------------------------------------------------------------------------------------------------
| Unconstrained Path Table
| ------------------------
------------------------------------------------------------------------------------------------

Path Group    From Clock    To Clock    
----------    ----------    --------    
(none)                                    
(none)        sys_clk                     
(none)                      sys_clk       


------------------------------------------------------------------------------------------------
| Timing Details
| --------------
------------------------------------------------------------------------------------------------


---------------------------------------------------------------------------------------------------
From Clock:  sys_clk
  To Clock:  sys_clk

Setup :            2  Failing Endpoints,  Worst Slack       -0.388ns,  Total Violation       -0.553ns
Hold  :            0  Failing Endpoints,  Worst Slack        0.229ns,  Total Violation        0.000ns
PW    :            1  Failing Endpoint ,  Worst Slack       -0.655ns,  Total Violation       -0.655ns
---------------------------------------------------------------------------------------------------


Max Delay Paths
--------------------------------------------------------------------------------------
Slack (VIOLATED) :        -0.388ns  (required time - arrival time)
  Source:                 b_reg_reg[2]/C
                            (rising edge-triggered cell FDCE clocked by sys_clk  {rise@0.000ns fall@0.750ns period=1.500ns})
  Destination:            result_reg_reg[3]/D
                            (rising edge-triggered cell FDCE clocked by sys_clk  {rise@0.000ns fall@0.750ns period=1.500ns})
  Path Group:             sys_clk
  Path Type:              Setup (Max at Slow Process Corner)
  Requirement:            1.500ns  (sys_clk rise@1.500ns - sys_clk rise@0.000ns)
  Data Path Delay:        1.855ns  (logic 0.766ns (41.286%)  route 1.089ns (58.714%))
  Logic Levels:           2  (LUT6=2)
  Clock Path Skew:        -0.026ns (DCD - SCD + CPR)
    Destination Clock Delay (DCD):    4.639ns = ( 6.139 - 1.500 ) 
    Source Clock Delay      (SCD):    5.162ns
    Clock Pessimism Removal (CPR):    0.497ns
  Clock Uncertainty:      0.035ns  ((TSJ^2 + TIJ^2)^1/2 + DJ) / 2 + PE
    Total System Jitter     (TSJ):    0.071ns
    Total Input Jitter      (TIJ):    0.000ns
    Discrete Jitter          (DJ):    0.000ns
    Phase Error              (PE):    0.000ns

    Location             Delay type                Incr(ns)  Path(ns)    Netlist Resource(s)
  -------------------------------------------------------------------    -------------------
                         (clock sys_clk rise edge)    0.000     0.000 r  
    U7                                                0.000     0.000 r  clk (IN)
                         net (fo=0)                   0.000     0.000    clk
    U7                   IBUF (Prop_ibuf_I_O)         1.058     1.058 r  clk_IBUF_inst/O
                         net (fo=1, routed)           2.171     3.229    clk_IBUF
    BUFGCTRL_X0Y0        BUFG (Prop_bufg_I_O)         0.101     3.330 r  clk_IBUF_BUFG_inst/O
                         net (fo=14, routed)          1.832     5.162    clk_IBUF_BUFG
    SLICE_X0Y11          FDCE                                         r  b_reg_reg[2]/C
  -------------------------------------------------------------------    -------------------
    SLICE_X0Y11          FDCE (Prop_fdce_C_Q)         0.518     5.680 f  b_reg_reg[2]/Q
                         net (fo=3, routed)           0.694     6.375    b_reg[2]
    SLICE_X1Y11          LUT6 (Prop_lut6_I0_O)        0.124     6.499 r  result_reg[3]_i_2/O
                         net (fo=1, routed)           0.395     6.894    result_reg[3]_i_2_n_0
    SLICE_X3Y12          LUT6 (Prop_lut6_I0_O)        0.124     7.018 r  result_reg[3]_i_1/O
                         net (fo=1, routed)           0.000     7.018    alu_result[3]
    SLICE_X3Y12          FDCE                                         r  result_reg_reg[3]/D
  -------------------------------------------------------------------    -------------------

                         (clock sys_clk rise edge)    1.500     1.500 r  
    U7                                                0.000     1.500 r  clk (IN)
                         net (fo=0)                   0.000     1.500    clk
    U7                   IBUF (Prop_ibuf_I_O)         0.924     2.424 r  clk_IBUF_inst/O
                         net (fo=1, routed)           1.972     4.396    clk_IBUF
    BUFGCTRL_X0Y0        BUFG (Prop_bufg_I_O)         0.091     4.487 r  clk_IBUF_BUFG_inst/O
                         net (fo=14, routed)          1.652     6.139    clk_IBUF_BUFG
    SLICE_X3Y12          FDCE                                         r  result_reg_reg[3]/C
                         clock pessimism              0.497     6.636    
                         clock uncertainty           -0.035     6.601    
    SLICE_X3Y12          FDCE (Setup_fdce_C_D)        0.029     6.630    result_reg_reg[3]
  -------------------------------------------------------------------
                         required time                          6.630    
                         arrival time                          -7.018    
  -------------------------------------------------------------------
                         slack                                 -0.388    

Slack (VIOLATED) :        -0.165ns  (required time - arrival time)
  Source:                 b_reg_reg[1]/C
                            (rising edge-triggered cell FDCE clocked by sys_clk  {rise@0.000ns fall@0.750ns period=1.500ns})
  Destination:            result_reg_reg[2]/D
                            (rising edge-triggered cell FDCE clocked by sys_clk  {rise@0.000ns fall@0.750ns period=1.500ns})
  Path Group:             sys_clk
  Path Type:              Setup (Max at Slow Process Corner)
  Requirement:            1.500ns  (sys_clk rise@1.500ns - sys_clk rise@0.000ns)
  Data Path Delay:        1.637ns  (logic 0.704ns (43.002%)  route 0.933ns (56.998%))
  Logic Levels:           2  (LUT4=1 LUT6=1)
  Clock Path Skew:        -0.024ns (DCD - SCD + CPR)
    Destination Clock Delay (DCD):    4.639ns = ( 6.139 - 1.500 ) 
    Source Clock Delay      (SCD):    5.160ns
    Clock Pessimism Removal (CPR):    0.497ns
  Clock Uncertainty:      0.035ns  ((TSJ^2 + TIJ^2)^1/2 + DJ) / 2 + PE
    Total System Jitter     (TSJ):    0.071ns
    Total Input Jitter      (TIJ):    0.000ns
    Discrete Jitter          (DJ):    0.000ns
    Phase Error              (PE):    0.000ns

    Location             Delay type                Incr(ns)  Path(ns)    Netlist Resource(s)
  -------------------------------------------------------------------    -------------------
                         (clock sys_clk rise edge)    0.000     0.000 r  
    U7                                                0.000     0.000 r  clk (IN)
                         net (fo=0)                   0.000     0.000    clk
    U7                   IBUF (Prop_ibuf_I_O)         1.058     1.058 r  clk_IBUF_inst/O
                         net (fo=1, routed)           2.171     3.229    clk_IBUF
    BUFGCTRL_X0Y0        BUFG (Prop_bufg_I_O)         0.101     3.330 r  clk_IBUF_BUFG_inst/O
                         net (fo=14, routed)          1.830     5.160    clk_IBUF_BUFG
    SLICE_X1Y13          FDCE                                         r  b_reg_reg[1]/C
  -------------------------------------------------------------------    -------------------
    SLICE_X1Y13          FDCE (Prop_fdce_C_Q)         0.456     5.616 f  b_reg_reg[1]/Q
                         net (fo=5, routed)           0.669     6.285    b_reg[1]
    SLICE_X1Y12          LUT4 (Prop_lut4_I0_O)        0.124     6.409 r  result_reg[2]_i_2/O
                         net (fo=1, routed)           0.264     6.674    result_reg[2]_i_2_n_0
    SLICE_X1Y12          LUT6 (Prop_lut6_I0_O)        0.124     6.798 r  result_reg[2]_i_1/O
                         net (fo=1, routed)           0.000     6.798    alu_result[2]
    SLICE_X1Y12          FDCE                                         r  result_reg_reg[2]/D
  -------------------------------------------------------------------    -------------------

                         (clock sys_clk rise edge)    1.500     1.500 r  
    U7                                                0.000     1.500 r  clk (IN)
                         net (fo=0)                   0.000     1.500    clk
    U7                   IBUF (Prop_ibuf_I_O)         0.924     2.424 r  clk_IBUF_inst/O
                         net (fo=1, routed)           1.972     4.396    clk_IBUF
    BUFGCTRL_X0Y0        BUFG (Prop_bufg_I_O)         0.091     4.487 r  clk_IBUF_BUFG_inst/O
                         net (fo=14, routed)          1.652     6.139    clk_IBUF_BUFG
    SLICE_X1Y12          FDCE                                         r  result_reg_reg[2]/C
                         clock pessimism              0.497     6.636    
                         clock uncertainty           -0.035     6.601    
    SLICE_X1Y12          FDCE (Setup_fdce_C_D)        0.031     6.632    result_reg_reg[2]
  -------------------------------------------------------------------
                         required time                          6.632    
                         arrival time                          -6.798    
  -------------------------------------------------------------------
                         slack                                 -0.165    

Slack (MET) :             0.047ns  (required time - arrival time)
  Source:                 b_reg_reg[0]/C
                            (rising edge-triggered cell FDCE clocked by sys_clk  {rise@0.000ns fall@0.750ns period=1.500ns})
  Destination:            result_reg_reg[1]/D
                            (rising edge-triggered cell FDCE clocked by sys_clk  {rise@0.000ns fall@0.750ns period=1.500ns})
  Path Group:             sys_clk
  Path Type:              Setup (Max at Slow Process Corner)
  Requirement:            1.500ns  (sys_clk rise@1.500ns - sys_clk rise@0.000ns)
  Data Path Delay:        1.423ns  (logic 0.580ns (40.771%)  route 0.843ns (59.229%))
  Logic Levels:           1  (LUT6=1)
  Clock Path Skew:        -0.026ns (DCD - SCD + CPR)
    Destination Clock Delay (DCD):    4.639ns = ( 6.139 - 1.500 ) 
    Source Clock Delay      (SCD):    5.162ns
    Clock Pessimism Removal (CPR):    0.497ns
  Clock Uncertainty:      0.035ns  ((TSJ^2 + TIJ^2)^1/2 + DJ) / 2 + PE
    Total System Jitter     (TSJ):    0.071ns
    Total Input Jitter      (TIJ):    0.000ns
    Discrete Jitter          (DJ):    0.000ns
    Phase Error              (PE):    0.000ns

    Location             Delay type                Incr(ns)  Path(ns)    Netlist Resource(s)
  -------------------------------------------------------------------    -------------------
                         (clock sys_clk rise edge)    0.000     0.000 r  
    U7                                                0.000     0.000 r  clk (IN)
                         net (fo=0)                   0.000     0.000    clk
    U7                   IBUF (Prop_ibuf_I_O)         1.058     1.058 r  clk_IBUF_inst/O
                         net (fo=1, routed)           2.171     3.229    clk_IBUF
    BUFGCTRL_X0Y0        BUFG (Prop_bufg_I_O)         0.101     3.330 r  clk_IBUF_BUFG_inst/O
                         net (fo=14, routed)          1.832     5.162    clk_IBUF_BUFG
    SLICE_X3Y11          FDCE                                         r  b_reg_reg[0]/C
  -------------------------------------------------------------------    -------------------
    SLICE_X3Y11          FDCE (Prop_fdce_C_Q)         0.456     5.618 r  b_reg_reg[0]/Q
                         net (fo=6, routed)           0.843     6.461    b_reg[0]
    SLICE_X3Y12          LUT6 (Prop_lut6_I1_O)        0.124     6.585 r  result_reg[1]_i_1/O
                         net (fo=1, routed)           0.000     6.585    alu_result[1]
    SLICE_X3Y12          FDCE                                         r  result_reg_reg[1]/D
  -------------------------------------------------------------------    -------------------

                         (clock sys_clk rise edge)    1.500     1.500 r  
    U7                                                0.000     1.500 r  clk (IN)
                         net (fo=0)                   0.000     1.500    clk
    U7                   IBUF (Prop_ibuf_I_O)         0.924     2.424 r  clk_IBUF_inst/O
                         net (fo=1, routed)           1.972     4.396    clk_IBUF
    BUFGCTRL_X0Y0        BUFG (Prop_bufg_I_O)         0.091     4.487 r  clk_IBUF_BUFG_inst/O
                         net (fo=14, routed)          1.652     6.139    clk_IBUF_BUFG
    SLICE_X3Y12          FDCE                                         r  result_reg_reg[1]/C
                         clock pessimism              0.497     6.636    
                         clock uncertainty           -0.035     6.601    
    SLICE_X3Y12          FDCE (Setup_fdce_C_D)        0.031     6.632    result_reg_reg[1]
  -------------------------------------------------------------------
                         required time                          6.632    
                         arrival time                          -6.585    
  -------------------------------------------------------------------
                         slack                                  0.047    

Slack (MET) :             0.139ns  (required time - arrival time)
  Source:                 op_reg_reg[0]/C
                            (rising edge-triggered cell FDCE clocked by sys_clk  {rise@0.000ns fall@0.750ns period=1.500ns})
  Destination:            result_reg_reg[0]/D
                            (rising edge-triggered cell FDCE clocked by sys_clk  {rise@0.000ns fall@0.750ns period=1.500ns})
  Path Group:             sys_clk
  Path Type:              Setup (Max at Slow Process Corner)
  Requirement:            1.500ns  (sys_clk rise@1.500ns - sys_clk rise@0.000ns)
  Data Path Delay:        1.335ns  (logic 0.580ns (43.457%)  route 0.755ns (56.543%))
  Logic Levels:           1  (LUT4=1)
  Clock Path Skew:        -0.022ns (DCD - SCD + CPR)
    Destination Clock Delay (DCD):    4.641ns = ( 6.141 - 1.500 ) 
    Source Clock Delay      (SCD):    5.160ns
    Clock Pessimism Removal (CPR):    0.497ns
  Clock Uncertainty:      0.035ns  ((TSJ^2 + TIJ^2)^1/2 + DJ) / 2 + PE
    Total System Jitter     (TSJ):    0.071ns
    Total Input Jitter      (TIJ):    0.000ns
    Discrete Jitter          (DJ):    0.000ns
    Phase Error              (PE):    0.000ns

    Location             Delay type                Incr(ns)  Path(ns)    Netlist Resource(s)
  -------------------------------------------------------------------    -------------------
                         (clock sys_clk rise edge)    0.000     0.000 r  
    U7                                                0.000     0.000 r  clk (IN)
                         net (fo=0)                   0.000     0.000    clk
    U7                   IBUF (Prop_ibuf_I_O)         1.058     1.058 r  clk_IBUF_inst/O
                         net (fo=1, routed)           2.171     3.229    clk_IBUF
    BUFGCTRL_X0Y0        BUFG (Prop_bufg_I_O)         0.101     3.330 r  clk_IBUF_BUFG_inst/O
                         net (fo=14, routed)          1.830     5.160    clk_IBUF_BUFG
    SLICE_X3Y13          FDCE                                         r  op_reg_reg[0]/C
  -------------------------------------------------------------------    -------------------
    SLICE_X3Y13          FDCE (Prop_fdce_C_Q)         0.456     5.616 r  op_reg_reg[0]/Q
                         net (fo=4, routed)           0.755     6.371    op_reg[0]
    SLICE_X3Y10          LUT4 (Prop_lut4_I3_O)        0.124     6.495 r  result_reg[0]_i_1/O
                         net (fo=1, routed)           0.000     6.495    alu_result[0]
    SLICE_X3Y10          FDCE                                         r  result_reg_reg[0]/D
  -------------------------------------------------------------------    -------------------

                         (clock sys_clk rise edge)    1.500     1.500 r  
    U7                                                0.000     1.500 r  clk (IN)
                         net (fo=0)                   0.000     1.500    clk
    U7                   IBUF (Prop_ibuf_I_O)         0.924     2.424 r  clk_IBUF_inst/O
                         net (fo=1, routed)           1.972     4.396    clk_IBUF
    BUFGCTRL_X0Y0        BUFG (Prop_bufg_I_O)         0.091     4.487 r  clk_IBUF_BUFG_inst/O
                         net (fo=14, routed)          1.654     6.141    clk_IBUF_BUFG
    SLICE_X3Y10          FDCE                                         r  result_reg_reg[0]/C
                         clock pessimism              0.497     6.638    
                         clock uncertainty           -0.035     6.603    
    SLICE_X3Y10          FDCE (Setup_fdce_C_D)        0.031     6.634    result_reg_reg[0]
  -------------------------------------------------------------------
                         required time                          6.634    
                         arrival time                          -6.495    
  -------------------------------------------------------------------
                         slack                                  0.139    





Min Delay Paths
--------------------------------------------------------------------------------------
Slack (MET) :             0.229ns  (arrival time - required time)
  Source:                 b_reg_reg[1]/C
                            (rising edge-triggered cell FDCE clocked by sys_clk  {rise@0.000ns fall@0.750ns period=1.500ns})
  Destination:            result_reg_reg[1]/D
                            (rising edge-triggered cell FDCE clocked by sys_clk  {rise@0.000ns fall@0.750ns period=1.500ns})
  Path Group:             sys_clk
  Path Type:              Hold (Min at Fast Process Corner)
  Requirement:            0.000ns  (sys_clk rise@0.000ns - sys_clk rise@0.000ns)
  Data Path Delay:        0.337ns  (logic 0.186ns (55.234%)  route 0.151ns (44.766%))
  Logic Levels:           1  (LUT6=1)
  Clock Path Skew:        0.016ns (DCD - SCD - CPR)
    Destination Clock Delay (DCD):    2.113ns
    Source Clock Delay      (SCD):    1.594ns
    Clock Pessimism Removal (CPR):    0.503ns

    Location             Delay type                Incr(ns)  Path(ns)    Netlist Resource(s)
  -------------------------------------------------------------------    -------------------
                         (clock sys_clk rise edge)    0.000     0.000 r  
    U7                                                0.000     0.000 r  clk (IN)
                         net (fo=0)                   0.000     0.000    clk
    U7                   IBUF (Prop_ibuf_I_O)         0.286     0.286 r  clk_IBUF_inst/O
                         net (fo=1, routed)           0.663     0.949    clk_IBUF
    BUFGCTRL_X0Y0        BUFG (Prop_bufg_I_O)         0.026     0.975 r  clk_IBUF_BUFG_inst/O
                         net (fo=14, routed)          0.619     1.594    clk_IBUF_BUFG
    SLICE_X1Y13          FDCE                                         r  b_reg_reg[1]/C
  -------------------------------------------------------------------    -------------------
    SLICE_X1Y13          FDCE (Prop_fdce_C_Q)         0.141     1.735 r  b_reg_reg[1]/Q
                         net (fo=5, routed)           0.151     1.886    b_reg[1]
    SLICE_X3Y12          LUT6 (Prop_lut6_I2_O)        0.045     1.931 r  result_reg[1]_i_1/O
                         net (fo=1, routed)           0.000     1.931    alu_result[1]
    SLICE_X3Y12          FDCE                                         r  result_reg_reg[1]/D
  -------------------------------------------------------------------    -------------------

                         (clock sys_clk rise edge)    0.000     0.000 r  
    U7                                                0.000     0.000 r  clk (IN)
                         net (fo=0)                   0.000     0.000    clk
    U7                   IBUF (Prop_ibuf_I_O)         0.476     0.476 r  clk_IBUF_inst/O
                         net (fo=1, routed)           0.719     1.195    clk_IBUF
    BUFGCTRL_X0Y0        BUFG (Prop_bufg_I_O)         0.029     1.224 r  clk_IBUF_BUFG_inst/O
                         net (fo=14, routed)          0.889     2.113    clk_IBUF_BUFG
    SLICE_X3Y12          FDCE                                         r  result_reg_reg[1]/C
                         clock pessimism             -0.503     1.610    
    SLICE_X3Y12          FDCE (Hold_fdce_C_D)         0.092     1.702    result_reg_reg[1]
  -------------------------------------------------------------------
                         required time                         -1.702    
                         arrival time                           1.931    
  -------------------------------------------------------------------
                         slack                                  0.229    

Slack (MET) :             0.230ns  (arrival time - required time)
  Source:                 op_reg_reg[1]/C
                            (rising edge-triggered cell FDCE clocked by sys_clk  {rise@0.000ns fall@0.750ns period=1.500ns})
  Destination:            result_reg_reg[0]/D
                            (rising edge-triggered cell FDCE clocked by sys_clk  {rise@0.000ns fall@0.750ns period=1.500ns})
  Path Group:             sys_clk
  Path Type:              Hold (Min at Fast Process Corner)
  Requirement:            0.000ns  (sys_clk rise@0.000ns - sys_clk rise@0.000ns)
  Data Path Delay:        0.338ns  (logic 0.186ns (55.100%)  route 0.152ns (44.900%))
  Logic Levels:           1  (LUT4=1)
  Clock Path Skew:        0.016ns (DCD - SCD - CPR)
    Destination Clock Delay (DCD):    2.115ns
    Source Clock Delay      (SCD):    1.596ns
    Clock Pessimism Removal (CPR):    0.503ns

    Location             Delay type                Incr(ns)  Path(ns)    Netlist Resource(s)
  -------------------------------------------------------------------    -------------------
                         (clock sys_clk rise edge)    0.000     0.000 r  
    U7                                                0.000     0.000 r  clk (IN)
                         net (fo=0)                   0.000     0.000    clk
    U7                   IBUF (Prop_ibuf_I_O)         0.286     0.286 r  clk_IBUF_inst/O
                         net (fo=1, routed)           0.663     0.949    clk_IBUF
    BUFGCTRL_X0Y0        BUFG (Prop_bufg_I_O)         0.026     0.975 r  clk_IBUF_BUFG_inst/O
                         net (fo=14, routed)          0.621     1.596    clk_IBUF_BUFG
    SLICE_X1Y11          FDCE                                         r  op_reg_reg[1]/C
  -------------------------------------------------------------------    -------------------
    SLICE_X1Y11          FDCE (Prop_fdce_C_Q)         0.141     1.737 r  op_reg_reg[1]/Q
                         net (fo=4, routed)           0.152     1.889    op_reg[1]
    SLICE_X3Y10          LUT4 (Prop_lut4_I2_O)        0.045     1.934 r  result_reg[0]_i_1/O
                         net (fo=1, routed)           0.000     1.934    alu_result[0]
    SLICE_X3Y10          FDCE                                         r  result_reg_reg[0]/D
  -------------------------------------------------------------------    -------------------

                         (clock sys_clk rise edge)    0.000     0.000 r  
    U7                                                0.000     0.000 r  clk (IN)
                         net (fo=0)                   0.000     0.000    clk
    U7                   IBUF (Prop_ibuf_I_O)         0.476     0.476 r  clk_IBUF_inst/O
                         net (fo=1, routed)           0.719     1.195    clk_IBUF
    BUFGCTRL_X0Y0        BUFG (Prop_bufg_I_O)         0.029     1.224 r  clk_IBUF_BUFG_inst/O
                         net (fo=14, routed)          0.891     2.115    clk_IBUF_BUFG
    SLICE_X3Y10          FDCE                                         r  result_reg_reg[0]/C
                         clock pessimism             -0.503     1.612    
    SLICE_X3Y10          FDCE (Hold_fdce_C_D)         0.092     1.704    result_reg_reg[0]
  -------------------------------------------------------------------
                         required time                         -1.704    
                         arrival time                           1.934    
  -------------------------------------------------------------------
                         slack                                  0.230    

Slack (MET) :             0.293ns  (arrival time - required time)
  Source:                 op_reg_reg[0]/C
                            (rising edge-triggered cell FDCE clocked by sys_clk  {rise@0.000ns fall@0.750ns period=1.500ns})
  Destination:            result_reg_reg[3]/D
                            (rising edge-triggered cell FDCE clocked by sys_clk  {rise@0.000ns fall@0.750ns period=1.500ns})
  Path Group:             sys_clk
  Path Type:              Hold (Min at Fast Process Corner)
  Requirement:            0.000ns  (sys_clk rise@0.000ns - sys_clk rise@0.000ns)
  Data Path Delay:        0.400ns  (logic 0.186ns (46.558%)  route 0.214ns (53.442%))
  Logic Levels:           1  (LUT6=1)
  Clock Path Skew:        0.016ns (DCD - SCD - CPR)
    Destination Clock Delay (DCD):    2.113ns
    Source Clock Delay      (SCD):    1.594ns
    Clock Pessimism Removal (CPR):    0.503ns

    Location             Delay type                Incr(ns)  Path(ns)    Netlist Resource(s)
  -------------------------------------------------------------------    -------------------
                         (clock sys_clk rise edge)    0.000     0.000 r  
    U7                                                0.000     0.000 r  clk (IN)
                         net (fo=0)                   0.000     0.000    clk
    U7                   IBUF (Prop_ibuf_I_O)         0.286     0.286 r  clk_IBUF_inst/O
                         net (fo=1, routed)           0.663     0.949    clk_IBUF
    BUFGCTRL_X0Y0        BUFG (Prop_bufg_I_O)         0.026     0.975 r  clk_IBUF_BUFG_inst/O
                         net (fo=14, routed)          0.619     1.594    clk_IBUF_BUFG
    SLICE_X3Y13          FDCE                                         r  op_reg_reg[0]/C
  -------------------------------------------------------------------    -------------------
    SLICE_X3Y13          FDCE (Prop_fdce_C_Q)         0.141     1.735 r  op_reg_reg[0]/Q
                         net (fo=4, routed)           0.214     1.949    op_reg[0]
    SLICE_X3Y12          LUT6 (Prop_lut6_I5_O)        0.045     1.994 r  result_reg[3]_i_1/O
                         net (fo=1, routed)           0.000     1.994    alu_result[3]
    SLICE_X3Y12          FDCE                                         r  result_reg_reg[3]/D
  -------------------------------------------------------------------    -------------------

                         (clock sys_clk rise edge)    0.000     0.000 r  
    U7                                                0.000     0.000 r  clk (IN)
                         net (fo=0)                   0.000     0.000    clk
    U7                   IBUF (Prop_ibuf_I_O)         0.476     0.476 r  clk_IBUF_inst/O
                         net (fo=1, routed)           0.719     1.195    clk_IBUF
    BUFGCTRL_X0Y0        BUFG (Prop_bufg_I_O)         0.029     1.224 r  clk_IBUF_BUFG_inst/O
                         net (fo=14, routed)          0.889     2.113    clk_IBUF_BUFG
    SLICE_X3Y12          FDCE                                         r  result_reg_reg[3]/C
                         clock pessimism             -0.503     1.610    
    SLICE_X3Y12          FDCE (Hold_fdce_C_D)         0.091     1.701    result_reg_reg[3]
  -------------------------------------------------------------------
                         required time                         -1.701    
                         arrival time                           1.994    
  -------------------------------------------------------------------
                         slack                                  0.293    

Slack (MET) :             0.334ns  (arrival time - required time)
  Source:                 b_reg_reg[1]/C
                            (rising edge-triggered cell FDCE clocked by sys_clk  {rise@0.000ns fall@0.750ns period=1.500ns})
  Destination:            result_reg_reg[2]/D
                            (rising edge-triggered cell FDCE clocked by sys_clk  {rise@0.000ns fall@0.750ns period=1.500ns})
  Path Group:             sys_clk
  Path Type:              Hold (Min at Fast Process Corner)
  Requirement:            0.000ns  (sys_clk rise@0.000ns - sys_clk rise@0.000ns)
  Data Path Delay:        0.442ns  (logic 0.231ns (52.278%)  route 0.211ns (47.722%))
  Logic Levels:           2  (LUT4=1 LUT6=1)
  Clock Path Skew:        0.016ns (DCD - SCD - CPR)
    Destination Clock Delay (DCD):    2.113ns
    Source Clock Delay      (SCD):    1.594ns
    Clock Pessimism Removal (CPR):    0.503ns

    Location             Delay type                Incr(ns)  Path(ns)    Netlist Resource(s)
  -------------------------------------------------------------------    -------------------
                         (clock sys_clk rise edge)    0.000     0.000 r  
    U7                                                0.000     0.000 r  clk (IN)
                         net (fo=0)                   0.000     0.000    clk
    U7                   IBUF (Prop_ibuf_I_O)         0.286     0.286 r  clk_IBUF_inst/O
                         net (fo=1, routed)           0.663     0.949    clk_IBUF
    BUFGCTRL_X0Y0        BUFG (Prop_bufg_I_O)         0.026     0.975 r  clk_IBUF_BUFG_inst/O
                         net (fo=14, routed)          0.619     1.594    clk_IBUF_BUFG
    SLICE_X1Y13          FDCE                                         r  b_reg_reg[1]/C
  -------------------------------------------------------------------    -------------------
    SLICE_X1Y13          FDCE (Prop_fdce_C_Q)         0.141     1.735 r  b_reg_reg[1]/Q
                         net (fo=5, routed)           0.161     1.896    b_reg[1]
    SLICE_X1Y12          LUT4 (Prop_lut4_I0_O)        0.045     1.941 r  result_reg[2]_i_3/O
                         net (fo=1, routed)           0.050     1.991    result_reg[2]_i_3_n_0
    SLICE_X1Y12          LUT6 (Prop_lut6_I1_O)        0.045     2.036 r  result_reg[2]_i_1/O
                         net (fo=1, routed)           0.000     2.036    alu_result[2]
    SLICE_X1Y12          FDCE                                         r  result_reg_reg[2]/D
  -------------------------------------------------------------------    -------------------

                         (clock sys_clk rise edge)    0.000     0.000 r  
    U7                                                0.000     0.000 r  clk (IN)
                         net (fo=0)                   0.000     0.000    clk
    U7                   IBUF (Prop_ibuf_I_O)         0.476     0.476 r  clk_IBUF_inst/O
                         net (fo=1, routed)           0.719     1.195    clk_IBUF
    BUFGCTRL_X0Y0        BUFG (Prop_bufg_I_O)         0.029     1.224 r  clk_IBUF_BUFG_inst/O
                         net (fo=14, routed)          0.889     2.113    clk_IBUF_BUFG
    SLICE_X1Y12          FDCE                                         r  result_reg_reg[2]/C
                         clock pessimism             -0.503     1.610    
    SLICE_X1Y12          FDCE (Hold_fdce_C_D)         0.092     1.702    result_reg_reg[2]
  -------------------------------------------------------------------
                         required time                         -1.702    
                         arrival time                           2.036    
  -------------------------------------------------------------------
                         slack                                  0.334    





Pulse Width Checks
--------------------------------------------------------------------------------------
Clock Name:         sys_clk
Waveform(ns):       { 0.000 0.750 }
Period(ns):         1.500
Sources:            { clk }

Check Type        Corner  Lib Pin  Reference Pin  Required(ns)  Actual(ns)  Slack(ns)  Location       Pin
Min Period        n/a     BUFG/I   n/a            2.155         1.500       -0.655     BUFGCTRL_X0Y0  clk_IBUF_BUFG_inst/I
Min Period        n/a     FDCE/C   n/a            1.000         1.500       0.500      SLICE_X1Y11    a_reg_reg[0]/C
Min Period        n/a     FDCE/C   n/a            1.000         1.500       0.500      SLICE_X1Y12    a_reg_reg[1]/C
Min Period        n/a     FDCE/C   n/a            1.000         1.500       0.500      SLICE_X1Y11    a_reg_reg[2]/C
Min Period        n/a     FDCE/C   n/a            1.000         1.500       0.500      SLICE_X3Y12    a_reg_reg[3]/C
Min Period        n/a     FDCE/C   n/a            1.000         1.500       0.500      SLICE_X3Y11    b_reg_reg[0]/C
Min Period        n/a     FDCE/C   n/a            1.000         1.500       0.500      SLICE_X1Y13    b_reg_reg[1]/C
Min Period        n/a     FDCE/C   n/a            1.000         1.500       0.500      SLICE_X0Y11    b_reg_reg[2]/C
Min Period        n/a     FDCE/C   n/a            1.000         1.500       0.500      SLICE_X2Y12    b_reg_reg[3]/C
Min Period        n/a     FDCE/C   n/a            1.000         1.500       0.500      SLICE_X3Y13    op_reg_reg[0]/C
Low Pulse Width   Slow    FDCE/C   n/a            0.500         0.750       0.250      SLICE_X1Y11    a_reg_reg[0]/C
Low Pulse Width   Fast    FDCE/C   n/a            0.500         0.750       0.250      SLICE_X1Y11    a_reg_reg[0]/C
Low Pulse Width   Slow    FDCE/C   n/a            0.500         0.750       0.250      SLICE_X1Y12    a_reg_reg[1]/C
Low Pulse Width   Fast    FDCE/C   n/a            0.500         0.750       0.250      SLICE_X1Y12    a_reg_reg[1]/C
Low Pulse Width   Slow    FDCE/C   n/a            0.500         0.750       0.250      SLICE_X1Y11    a_reg_reg[2]/C
Low Pulse Width   Fast    FDCE/C   n/a            0.500         0.750       0.250      SLICE_X1Y11    a_reg_reg[2]/C
Low Pulse Width   Slow    FDCE/C   n/a            0.500         0.750       0.250      SLICE_X3Y12    a_reg_reg[3]/C
Low Pulse Width   Fast    FDCE/C   n/a            0.500         0.750       0.250      SLICE_X3Y12    a_reg_reg[3]/C
Low Pulse Width   Slow    FDCE/C   n/a            0.500         0.750       0.250      SLICE_X3Y11    b_reg_reg[0]/C
Low Pulse Width   Fast    FDCE/C   n/a            0.500         0.750       0.250      SLICE_X3Y11    b_reg_reg[0]/C
High Pulse Width  Slow    FDCE/C   n/a            0.500         0.750       0.250      SLICE_X1Y11    a_reg_reg[0]/C
High Pulse Width  Fast    FDCE/C   n/a            0.500         0.750       0.250      SLICE_X1Y11    a_reg_reg[0]/C
High Pulse Width  Slow    FDCE/C   n/a            0.500         0.750       0.250      SLICE_X1Y12    a_reg_reg[1]/C
High Pulse Width  Fast    FDCE/C   n/a            0.500         0.750       0.250      SLICE_X1Y12    a_reg_reg[1]/C
High Pulse Width  Slow    FDCE/C   n/a            0.500         0.750       0.250      SLICE_X1Y11    a_reg_reg[2]/C
High Pulse Width  Fast    FDCE/C   n/a            0.500         0.750       0.250      SLICE_X1Y11    a_reg_reg[2]/C
High Pulse Width  Slow    FDCE/C   n/a            0.500         0.750       0.250      SLICE_X3Y12    a_reg_reg[3]/C
High Pulse Width  Fast    FDCE/C   n/a            0.500         0.750       0.250      SLICE_X3Y12    a_reg_reg[3]/C
High Pulse Width  Slow    FDCE/C   n/a            0.500         0.750       0.250      SLICE_X3Y11    b_reg_reg[0]/C
High Pulse Width  Fast    FDCE/C   n/a            0.500         0.750       0.250      SLICE_X3Y11    b_reg_reg[0]/C



--------------------------------------------------------------------------------------
Path Group:  (none)
From Clock:  
  To Clock:  

Max Delay             4 Endpoints
Min Delay             4 Endpoints
--------------------------------------------------------------------------------------


Max Delay Paths
--------------------------------------------------------------------------------------
Slack:                    inf
  Source:                 oe
                            (input port)
  Destination:            result[3]
                            (output port)
  Path Group:             (none)
  Path Type:              Max at Slow Process Corner
  Data Path Delay:        7.307ns  (logic 3.858ns (52.802%)  route 3.449ns (47.198%))
  Logic Levels:           3  (IBUF=1 LUT1=1 OBUFT=1)

    Location             Delay type                Incr(ns)  Path(ns)    Netlist Resource(s)
  -------------------------------------------------------------------    -------------------
    U8                                                0.000     0.000 r  oe (IN)
                         net (fo=0)                   0.000     0.000    oe
    U8                   IBUF (Prop_ibuf_I_O)         1.004     1.004 r  oe_IBUF_inst/O
                         net (fo=1, routed)           1.227     2.231    oe_IBUF
    SLICE_X0Y16          LUT1 (Prop_lut1_I0_O)        0.124     2.355 f  result_OBUFT[3]_inst_i_1/O
                         net (fo=4, routed)           2.221     4.576    result_TRI[0]
    V8                   OBUFT (TriStatE_obuft_T_O)
                                                      2.730     7.307 r  result_OBUFT[3]_inst/O
                         net (fo=0)                   0.000     7.307    result[3]
    V8                                                                r  result[3] (OUT)
  -------------------------------------------------------------------    -------------------

Slack:                    inf
  Source:                 oe
                            (input port)
  Destination:            result[2]
                            (output port)
  Path Group:             (none)
  Path Type:              Max at Slow Process Corner
  Data Path Delay:        7.167ns  (logic 3.858ns (53.835%)  route 3.309ns (46.165%))
  Logic Levels:           3  (IBUF=1 LUT1=1 OBUFT=1)

    Location             Delay type                Incr(ns)  Path(ns)    Netlist Resource(s)
  -------------------------------------------------------------------    -------------------
    U8                                                0.000     0.000 r  oe (IN)
                         net (fo=0)                   0.000     0.000    oe
    U8                   IBUF (Prop_ibuf_I_O)         1.004     1.004 r  oe_IBUF_inst/O
                         net (fo=1, routed)           1.227     2.231    oe_IBUF
    SLICE_X0Y16          LUT1 (Prop_lut1_I0_O)        0.124     2.355 f  result_OBUFT[3]_inst_i_1/O
                         net (fo=4, routed)           2.081     4.436    result_TRI[0]
    W8                   OBUFT (TriStatE_obuft_T_O)
                                                      2.730     7.167 r  result_OBUFT[2]_inst/O
                         net (fo=0)                   0.000     7.167    result[2]
    W8                                                                r  result[2] (OUT)
  -------------------------------------------------------------------    -------------------

Slack:                    inf
  Source:                 oe
                            (input port)
  Destination:            result[1]
                            (output port)
  Path Group:             (none)
  Path Type:              Max at Slow Process Corner
  Data Path Delay:        6.983ns  (logic 3.825ns (54.769%)  route 3.159ns (45.231%))
  Logic Levels:           3  (IBUF=1 LUT1=1 OBUFT=1)

    Location             Delay type                Incr(ns)  Path(ns)    Netlist Resource(s)
  -------------------------------------------------------------------    -------------------
    U8                                                0.000     0.000 r  oe (IN)
                         net (fo=0)                   0.000     0.000    oe
    U8                   IBUF (Prop_ibuf_I_O)         1.004     1.004 r  oe_IBUF_inst/O
                         net (fo=1, routed)           1.227     2.231    oe_IBUF
    SLICE_X0Y16          LUT1 (Prop_lut1_I0_O)        0.124     2.355 f  result_OBUFT[3]_inst_i_1/O
                         net (fo=4, routed)           1.931     4.286    result_TRI[0]
    W10                  OBUFT (TriStatE_obuft_T_O)
                                                      2.697     6.983 r  result_OBUFT[1]_inst/O
                         net (fo=0)                   0.000     6.983    result[1]
    W10                                                               r  result[1] (OUT)
  -------------------------------------------------------------------    -------------------

Slack:                    inf
  Source:                 oe
                            (input port)
  Destination:            result[0]
                            (output port)
  Path Group:             (none)
  Path Type:              Max at Slow Process Corner
  Data Path Delay:        6.816ns  (logic 3.807ns (55.857%)  route 3.009ns (44.143%))
  Logic Levels:           3  (IBUF=1 LUT1=1 OBUFT=1)

    Location             Delay type                Incr(ns)  Path(ns)    Netlist Resource(s)
  -------------------------------------------------------------------    -------------------
    U8                                                0.000     0.000 r  oe (IN)
                         net (fo=0)                   0.000     0.000    oe
    U8                   IBUF (Prop_ibuf_I_O)         1.004     1.004 r  oe_IBUF_inst/O
                         net (fo=1, routed)           1.227     2.231    oe_IBUF
    SLICE_X0Y16          LUT1 (Prop_lut1_I0_O)        0.124     2.355 f  result_OBUFT[3]_inst_i_1/O
                         net (fo=4, routed)           1.782     4.137    result_TRI[0]
    W9                   OBUFT (TriStatE_obuft_T_O)
                                                      2.679     6.816 r  result_OBUFT[0]_inst/O
                         net (fo=0)                   0.000     6.816    result[0]
    W9                                                                r  result[0] (OUT)
  -------------------------------------------------------------------    -------------------





Min Delay Paths
--------------------------------------------------------------------------------------
Slack:                    inf
  Source:                 oe
                            (input port)
  Destination:            result[0]
                            (output port)
  Path Group:             (none)
  Path Type:              Min at Fast Process Corner
  Data Path Delay:        2.189ns  (logic 1.101ns (50.312%)  route 1.088ns (49.688%))
  Logic Levels:           3  (IBUF=1 LUT1=1 OBUFT=1)

    Location             Delay type                Incr(ns)  Path(ns)    Netlist Resource(s)
  -------------------------------------------------------------------    -------------------
    U8                                                0.000     0.000 f  oe (IN)
                         net (fo=0)                   0.000     0.000    oe
    U8                   IBUF (Prop_ibuf_I_O)         0.232     0.232 f  oe_IBUF_inst/O
                         net (fo=1, routed)           0.457     0.689    oe_IBUF
    SLICE_X0Y16          LUT1 (Prop_lut1_I0_O)        0.045     0.734 r  result_OBUFT[3]_inst_i_1/O
                         net (fo=4, routed)           0.631     1.365    result_TRI[0]
    W9                   OBUFT (TriStatD_obuft_T_O)
                                                      0.824     2.189 r  result_OBUFT[0]_inst/O
                         net (fo=0)                   0.000     2.189    result[0]
    W9                                                                r  result[0] (OUT)
  -------------------------------------------------------------------    -------------------

Slack:                    inf
  Source:                 oe
                            (input port)
  Destination:            result[1]
                            (output port)
  Path Group:             (none)
  Path Type:              Min at Fast Process Corner
  Data Path Delay:        2.254ns  (logic 1.101ns (48.863%)  route 1.153ns (51.137%))
  Logic Levels:           3  (IBUF=1 LUT1=1 OBUFT=1)

    Location             Delay type                Incr(ns)  Path(ns)    Netlist Resource(s)
  -------------------------------------------------------------------    -------------------
    U8                                                0.000     0.000 f  oe (IN)
                         net (fo=0)                   0.000     0.000    oe
    U8                   IBUF (Prop_ibuf_I_O)         0.232     0.232 f  oe_IBUF_inst/O
                         net (fo=1, routed)           0.457     0.689    oe_IBUF
    SLICE_X0Y16          LUT1 (Prop_lut1_I0_O)        0.045     0.734 r  result_OBUFT[3]_inst_i_1/O
                         net (fo=4, routed)           0.695     1.430    result_TRI[0]
    W10                  OBUFT (TriStatD_obuft_T_O)
                                                      0.824     2.254 r  result_OBUFT[1]_inst/O
                         net (fo=0)                   0.000     2.254    result[1]
    W10                                                               r  result[1] (OUT)
  -------------------------------------------------------------------    -------------------

Slack:                    inf
  Source:                 oe
                            (input port)
  Destination:            result[2]
                            (output port)
  Path Group:             (none)
  Path Type:              Min at Fast Process Corner
  Data Path Delay:        2.319ns  (logic 1.101ns (47.495%)  route 1.218ns (52.505%))
  Logic Levels:           3  (IBUF=1 LUT1=1 OBUFT=1)

    Location             Delay type                Incr(ns)  Path(ns)    Netlist Resource(s)
  -------------------------------------------------------------------    -------------------
    U8                                                0.000     0.000 f  oe (IN)
                         net (fo=0)                   0.000     0.000    oe
    U8                   IBUF (Prop_ibuf_I_O)         0.232     0.232 f  oe_IBUF_inst/O
                         net (fo=1, routed)           0.457     0.689    oe_IBUF
    SLICE_X0Y16          LUT1 (Prop_lut1_I0_O)        0.045     0.734 r  result_OBUFT[3]_inst_i_1/O
                         net (fo=4, routed)           0.760     1.495    result_TRI[0]
    W8                   OBUFT (TriStatD_obuft_T_O)
                                                      0.824     2.319 r  result_OBUFT[2]_inst/O
                         net (fo=0)                   0.000     2.319    result[2]
    W8                                                                r  result[2] (OUT)
  -------------------------------------------------------------------    -------------------

Slack:                    inf
  Source:                 oe
                            (input port)
  Destination:            result[3]
                            (output port)
  Path Group:             (none)
  Path Type:              Min at Fast Process Corner
  Data Path Delay:        2.374ns  (logic 1.101ns (46.393%)  route 1.273ns (53.607%))
  Logic Levels:           3  (IBUF=1 LUT1=1 OBUFT=1)

    Location             Delay type                Incr(ns)  Path(ns)    Netlist Resource(s)
  -------------------------------------------------------------------    -------------------
    U8                                                0.000     0.000 f  oe (IN)
                         net (fo=0)                   0.000     0.000    oe
    U8                   IBUF (Prop_ibuf_I_O)         0.232     0.232 f  oe_IBUF_inst/O
                         net (fo=1, routed)           0.457     0.689    oe_IBUF
    SLICE_X0Y16          LUT1 (Prop_lut1_I0_O)        0.045     0.734 r  result_OBUFT[3]_inst_i_1/O
                         net (fo=4, routed)           0.815     1.550    result_TRI[0]
    V8                   OBUFT (TriStatD_obuft_T_O)
                                                      0.824     2.374 r  result_OBUFT[3]_inst/O
                         net (fo=0)                   0.000     2.374    result[3]
    V8                                                                r  result[3] (OUT)
  -------------------------------------------------------------------    -------------------





--------------------------------------------------------------------------------------
Path Group:  (none)
From Clock:  sys_clk
  To Clock:  

Max Delay             4 Endpoints
Min Delay             4 Endpoints
--------------------------------------------------------------------------------------


Max Delay Paths
--------------------------------------------------------------------------------------
Slack:                    inf
  Source:                 result_reg_reg[3]/C
                            (rising edge-triggered cell FDCE clocked by sys_clk  {rise@0.000ns fall@0.750ns period=1.500ns})
  Destination:            result[3]
                            (output port)
  Path Group:             (none)
  Path Type:              Max at Slow Process Corner
  Data Path Delay:        5.080ns  (logic 3.171ns (62.418%)  route 1.909ns (37.582%))
  Logic Levels:           1  (OBUFT=1)
  Clock Uncertainty:      0.025ns  ((TSJ^2 + TIJ^2)^1/2 + DJ) / 2 + PE
    Total System Jitter     (TSJ):    0.050ns
    Total Input Jitter      (TIJ):    0.000ns
    Discrete Jitter          (DJ):    0.000ns
    Phase Error              (PE):    0.000ns

    Location             Delay type                Incr(ns)  Path(ns)    Netlist Resource(s)
  -------------------------------------------------------------------    -------------------
                         (clock sys_clk rise edge)    0.000     0.000 r  
    U7                                                0.000     0.000 r  clk (IN)
                         net (fo=0)                   0.000     0.000    clk
    U7                   IBUF (Prop_ibuf_I_O)         1.058     1.058 r  clk_IBUF_inst/O
                         net (fo=1, routed)           2.171     3.229    clk_IBUF
    BUFGCTRL_X0Y0        BUFG (Prop_bufg_I_O)         0.101     3.330 r  clk_IBUF_BUFG_inst/O
                         net (fo=14, routed)          1.831     5.161    clk_IBUF_BUFG
    SLICE_X3Y12          FDCE                                         r  result_reg_reg[3]/C
  -------------------------------------------------------------------    -------------------
    SLICE_X3Y12          FDCE (Prop_fdce_C_Q)         0.456     5.617 r  result_reg_reg[3]/Q
                         net (fo=1, routed)           1.909     7.527    result_OBUF[3]
    V8                   OBUFT (Prop_obuft_I_O)       2.715    10.241 r  result_OBUFT[3]_inst/O
                         net (fo=0)                   0.000    10.241    result[3]
    V8                                                                r  result[3] (OUT)
  -------------------------------------------------------------------    -------------------

Slack:                    inf
  Source:                 result_reg_reg[2]/C
                            (rising edge-triggered cell FDCE clocked by sys_clk  {rise@0.000ns fall@0.750ns period=1.500ns})
  Destination:            result[2]
                            (output port)
  Path Group:             (none)
  Path Type:              Max at Slow Process Corner
  Data Path Delay:        5.049ns  (logic 3.171ns (62.800%)  route 1.878ns (37.200%))
  Logic Levels:           1  (OBUFT=1)
  Clock Uncertainty:      0.025ns  ((TSJ^2 + TIJ^2)^1/2 + DJ) / 2 + PE
    Total System Jitter     (TSJ):    0.050ns
    Total Input Jitter      (TIJ):    0.000ns
    Discrete Jitter          (DJ):    0.000ns
    Phase Error              (PE):    0.000ns

    Location             Delay type                Incr(ns)  Path(ns)    Netlist Resource(s)
  -------------------------------------------------------------------    -------------------
                         (clock sys_clk rise edge)    0.000     0.000 r  
    U7                                                0.000     0.000 r  clk (IN)
                         net (fo=0)                   0.000     0.000    clk
    U7                   IBUF (Prop_ibuf_I_O)         1.058     1.058 r  clk_IBUF_inst/O
                         net (fo=1, routed)           2.171     3.229    clk_IBUF
    BUFGCTRL_X0Y0        BUFG (Prop_bufg_I_O)         0.101     3.330 r  clk_IBUF_BUFG_inst/O
                         net (fo=14, routed)          1.831     5.161    clk_IBUF_BUFG
    SLICE_X1Y12          FDCE                                         r  result_reg_reg[2]/C
  -------------------------------------------------------------------    -------------------
    SLICE_X1Y12          FDCE (Prop_fdce_C_Q)         0.456     5.617 r  result_reg_reg[2]/Q
                         net (fo=1, routed)           1.878     7.496    result_OBUF[2]
    W8                   OBUFT (Prop_obuft_I_O)       2.715    10.211 r  result_OBUFT[2]_inst/O
                         net (fo=0)                   0.000    10.211    result[2]
    W8                                                                r  result[2] (OUT)
  -------------------------------------------------------------------    -------------------

Slack:                    inf
  Source:                 result_reg_reg[1]/C
                            (rising edge-triggered cell FDCE clocked by sys_clk  {rise@0.000ns fall@0.750ns period=1.500ns})
  Destination:            result[1]
                            (output port)
  Path Group:             (none)
  Path Type:              Max at Slow Process Corner
  Data Path Delay:        5.027ns  (logic 3.138ns (62.415%)  route 1.889ns (37.585%))
  Logic Levels:           1  (OBUFT=1)
  Clock Uncertainty:      0.025ns  ((TSJ^2 + TIJ^2)^1/2 + DJ) / 2 + PE
    Total System Jitter     (TSJ):    0.050ns
    Total Input Jitter      (TIJ):    0.000ns
    Discrete Jitter          (DJ):    0.000ns
    Phase Error              (PE):    0.000ns

    Location             Delay type                Incr(ns)  Path(ns)    Netlist Resource(s)
  -------------------------------------------------------------------    -------------------
                         (clock sys_clk rise edge)    0.000     0.000 r  
    U7                                                0.000     0.000 r  clk (IN)
                         net (fo=0)                   0.000     0.000    clk
    U7                   IBUF (Prop_ibuf_I_O)         1.058     1.058 r  clk_IBUF_inst/O
                         net (fo=1, routed)           2.171     3.229    clk_IBUF
    BUFGCTRL_X0Y0        BUFG (Prop_bufg_I_O)         0.101     3.330 r  clk_IBUF_BUFG_inst/O
                         net (fo=14, routed)          1.831     5.161    clk_IBUF_BUFG
    SLICE_X3Y12          FDCE                                         r  result_reg_reg[1]/C
  -------------------------------------------------------------------    -------------------
    SLICE_X3Y12          FDCE (Prop_fdce_C_Q)         0.456     5.617 r  result_reg_reg[1]/Q
                         net (fo=1, routed)           1.889     7.507    result_OBUF[1]
    W10                  OBUFT (Prop_obuft_I_O)       2.682    10.188 r  result_OBUFT[1]_inst/O
                         net (fo=0)                   0.000    10.188    result[1]
    W10                                                               r  result[1] (OUT)
  -------------------------------------------------------------------    -------------------

Slack:                    inf
  Source:                 result_reg_reg[0]/C
                            (rising edge-triggered cell FDCE clocked by sys_clk  {rise@0.000ns fall@0.750ns period=1.500ns})
  Destination:            result[0]
                            (output port)
  Path Group:             (none)
  Path Type:              Max at Slow Process Corner
  Data Path Delay:        5.015ns  (logic 3.120ns (62.213%)  route 1.895ns (37.787%))
  Logic Levels:           1  (OBUFT=1)
  Clock Uncertainty:      0.025ns  ((TSJ^2 + TIJ^2)^1/2 + DJ) / 2 + PE
    Total System Jitter     (TSJ):    0.050ns
    Total Input Jitter      (TIJ):    0.000ns
    Discrete Jitter          (DJ):    0.000ns
    Phase Error              (PE):    0.000ns

    Location             Delay type                Incr(ns)  Path(ns)    Netlist Resource(s)
  -------------------------------------------------------------------    -------------------
                         (clock sys_clk rise edge)    0.000     0.000 r  
    U7                                                0.000     0.000 r  clk (IN)
                         net (fo=0)                   0.000     0.000    clk
    U7                   IBUF (Prop_ibuf_I_O)         1.058     1.058 r  clk_IBUF_inst/O
                         net (fo=1, routed)           2.171     3.229    clk_IBUF
    BUFGCTRL_X0Y0        BUFG (Prop_bufg_I_O)         0.101     3.330 r  clk_IBUF_BUFG_inst/O
                         net (fo=14, routed)          1.833     5.163    clk_IBUF_BUFG
    SLICE_X3Y10          FDCE                                         r  result_reg_reg[0]/C
  -------------------------------------------------------------------    -------------------
    SLICE_X3Y10          FDCE (Prop_fdce_C_Q)         0.456     5.619 r  result_reg_reg[0]/Q
                         net (fo=1, routed)           1.895     7.514    result_OBUF[0]
    W9                   OBUFT (Prop_obuft_I_O)       2.664    10.178 r  result_OBUFT[0]_inst/O
                         net (fo=0)                   0.000    10.178    result[0]
    W9                                                                r  result[0] (OUT)
  -------------------------------------------------------------------    -------------------





Min Delay Paths
--------------------------------------------------------------------------------------
Slack:                    inf
  Source:                 result_reg_reg[0]/C
                            (rising edge-triggered cell FDCE clocked by sys_clk  {rise@0.000ns fall@0.750ns period=1.500ns})
  Destination:            result[0]
                            (output port)
  Path Group:             (none)
  Path Type:              Min at Fast Process Corner
  Data Path Delay:        1.750ns  (logic 1.321ns (75.492%)  route 0.429ns (24.508%))
  Logic Levels:           1  (OBUFT=1)
  Clock Uncertainty:      0.025ns  ((TSJ^2 + TIJ^2)^1/2 + DJ) / 2 + PE
    Total System Jitter     (TSJ):    0.050ns
    Total Input Jitter      (TIJ):    0.000ns
    Discrete Jitter          (DJ):    0.000ns
    Phase Error              (PE):    0.000ns

    Location             Delay type                Incr(ns)  Path(ns)    Netlist Resource(s)
  -------------------------------------------------------------------    -------------------
                         (clock sys_clk rise edge)    0.000     0.000 r  
    U7                                                0.000     0.000 r  clk (IN)
                         net (fo=0)                   0.000     0.000    clk
    U7                   IBUF (Prop_ibuf_I_O)         0.286     0.286 r  clk_IBUF_inst/O
                         net (fo=1, routed)           0.663     0.949    clk_IBUF
    BUFGCTRL_X0Y0        BUFG (Prop_bufg_I_O)         0.026     0.975 r  clk_IBUF_BUFG_inst/O
                         net (fo=14, routed)          0.621     1.596    clk_IBUF_BUFG
    SLICE_X3Y10          FDCE                                         r  result_reg_reg[0]/C
  -------------------------------------------------------------------    -------------------
    SLICE_X3Y10          FDCE (Prop_fdce_C_Q)         0.141     1.737 r  result_reg_reg[0]/Q
                         net (fo=1, routed)           0.429     2.166    result_OBUF[0]
    W9                   OBUFT (Prop_obuft_I_O)       1.180     3.346 r  result_OBUFT[0]_inst/O
                         net (fo=0)                   0.000     3.346    result[0]
    W9                                                                r  result[0] (OUT)
  -------------------------------------------------------------------    -------------------

Slack:                    inf
  Source:                 result_reg_reg[1]/C
                            (rising edge-triggered cell FDCE clocked by sys_clk  {rise@0.000ns fall@0.750ns period=1.500ns})
  Destination:            result[1]
                            (output port)
  Path Group:             (none)
  Path Type:              Min at Fast Process Corner
  Data Path Delay:        1.774ns  (logic 1.339ns (75.462%)  route 0.435ns (24.538%))
  Logic Levels:           1  (OBUFT=1)
  Clock Uncertainty:      0.025ns  ((TSJ^2 + TIJ^2)^1/2 + DJ) / 2 + PE
    Total System Jitter     (TSJ):    0.050ns
    Total Input Jitter      (TIJ):    0.000ns
    Discrete Jitter          (DJ):    0.000ns
    Phase Error              (PE):    0.000ns

    Location             Delay type                Incr(ns)  Path(ns)    Netlist Resource(s)
  -------------------------------------------------------------------    -------------------
                         (clock sys_clk rise edge)    0.000     0.000 r  
    U7                                                0.000     0.000 r  clk (IN)
                         net (fo=0)                   0.000     0.000    clk
    U7                   IBUF (Prop_ibuf_I_O)         0.286     0.286 r  clk_IBUF_inst/O
                         net (fo=1, routed)           0.663     0.949    clk_IBUF
    BUFGCTRL_X0Y0        BUFG (Prop_bufg_I_O)         0.026     0.975 r  clk_IBUF_BUFG_inst/O
                         net (fo=14, routed)          0.620     1.595    clk_IBUF_BUFG
    SLICE_X3Y12          FDCE                                         r  result_reg_reg[1]/C
  -------------------------------------------------------------------    -------------------
    SLICE_X3Y12          FDCE (Prop_fdce_C_Q)         0.141     1.736 r  result_reg_reg[1]/Q
                         net (fo=1, routed)           0.435     2.171    result_OBUF[1]
    W10                  OBUFT (Prop_obuft_I_O)       1.198     3.369 r  result_OBUFT[1]_inst/O
                         net (fo=0)                   0.000     3.369    result[1]
    W10                                                               r  result[1] (OUT)
  -------------------------------------------------------------------    -------------------

Slack:                    inf
  Source:                 result_reg_reg[2]/C
                            (rising edge-triggered cell FDCE clocked by sys_clk  {rise@0.000ns fall@0.750ns period=1.500ns})
  Destination:            result[2]
                            (output port)
  Path Group:             (none)
  Path Type:              Min at Fast Process Corner
  Data Path Delay:        1.786ns  (logic 1.372ns (76.805%)  route 0.414ns (23.195%))
  Logic Levels:           1  (OBUFT=1)
  Clock Uncertainty:      0.025ns  ((TSJ^2 + TIJ^2)^1/2 + DJ) / 2 + PE
    Total System Jitter     (TSJ):    0.050ns
    Total Input Jitter      (TIJ):    0.000ns
    Discrete Jitter          (DJ):    0.000ns
    Phase Error              (PE):    0.000ns

    Location             Delay type                Incr(ns)  Path(ns)    Netlist Resource(s)
  -------------------------------------------------------------------    -------------------
                         (clock sys_clk rise edge)    0.000     0.000 r  
    U7                                                0.000     0.000 r  clk (IN)
                         net (fo=0)                   0.000     0.000    clk
    U7                   IBUF (Prop_ibuf_I_O)         0.286     0.286 r  clk_IBUF_inst/O
                         net (fo=1, routed)           0.663     0.949    clk_IBUF
    BUFGCTRL_X0Y0        BUFG (Prop_bufg_I_O)         0.026     0.975 r  clk_IBUF_BUFG_inst/O
                         net (fo=14, routed)          0.620     1.595    clk_IBUF_BUFG
    SLICE_X1Y12          FDCE                                         r  result_reg_reg[2]/C
  -------------------------------------------------------------------    -------------------
    SLICE_X1Y12          FDCE (Prop_fdce_C_Q)         0.141     1.736 r  result_reg_reg[2]/Q
                         net (fo=1, routed)           0.414     2.150    result_OBUF[2]
    W8                   OBUFT (Prop_obuft_I_O)       1.231     3.381 r  result_OBUFT[2]_inst/O
                         net (fo=0)                   0.000     3.381    result[2]
    W8                                                                r  result[2] (OUT)
  -------------------------------------------------------------------    -------------------

Slack:                    inf
  Source:                 result_reg_reg[3]/C
                            (rising edge-triggered cell FDCE clocked by sys_clk  {rise@0.000ns fall@0.750ns period=1.500ns})
  Destination:            result[3]
                            (output port)
  Path Group:             (none)
  Path Type:              Min at Fast Process Corner
  Data Path Delay:        1.810ns  (logic 1.372ns (75.791%)  route 0.438ns (24.209%))
  Logic Levels:           1  (OBUFT=1)
  Clock Uncertainty:      0.025ns  ((TSJ^2 + TIJ^2)^1/2 + DJ) / 2 + PE
    Total System Jitter     (TSJ):    0.050ns
    Total Input Jitter      (TIJ):    0.000ns
    Discrete Jitter          (DJ):    0.000ns
    Phase Error              (PE):    0.000ns

    Location             Delay type                Incr(ns)  Path(ns)    Netlist Resource(s)
  -------------------------------------------------------------------    -------------------
                         (clock sys_clk rise edge)    0.000     0.000 r  
    U7                                                0.000     0.000 r  clk (IN)
                         net (fo=0)                   0.000     0.000    clk
    U7                   IBUF (Prop_ibuf_I_O)         0.286     0.286 r  clk_IBUF_inst/O
                         net (fo=1, routed)           0.663     0.949    clk_IBUF
    BUFGCTRL_X0Y0        BUFG (Prop_bufg_I_O)         0.026     0.975 r  clk_IBUF_BUFG_inst/O
                         net (fo=14, routed)          0.620     1.595    clk_IBUF_BUFG
    SLICE_X3Y12          FDCE                                         r  result_reg_reg[3]/C
  -------------------------------------------------------------------    -------------------
    SLICE_X3Y12          FDCE (Prop_fdce_C_Q)         0.141     1.736 r  result_reg_reg[3]/Q
                         net (fo=1, routed)           0.438     2.174    result_OBUF[3]
    V8                   OBUFT (Prop_obuft_I_O)       1.231     3.405 r  result_OBUFT[3]_inst/O
                         net (fo=0)                   0.000     3.405    result[3]
    V8                                                                r  result[3] (OUT)
  -------------------------------------------------------------------    -------------------





--------------------------------------------------------------------------------------
Path Group:  (none)
From Clock:  
  To Clock:  sys_clk

Max Delay            24 Endpoints
Min Delay            24 Endpoints
--------------------------------------------------------------------------------------


Max Delay Paths
--------------------------------------------------------------------------------------
Slack:                    inf
  Source:                 rst
                            (input port)
  Destination:            result_reg_reg[0]/CLR
                            (recovery check against rising-edge clock sys_clk  {rise@0.000ns fall@0.750ns period=1.500ns})
  Path Group:             (none)
  Path Type:              Recovery (Max at Slow Process Corner)
  Data Path Delay:        2.673ns  (logic 1.025ns (38.347%)  route 1.648ns (61.653%))
  Logic Levels:           1  (IBUF=1)
  Clock Path Skew:        4.641ns (DCD - SCD + CPR)
    Destination Clock Delay (DCD):    4.641ns
    Source Clock Delay      (SCD):    0.000ns
    Clock Pessimism Removal (CPR):    0.000ns
  Clock Uncertainty:      0.025ns  ((TSJ^2 + TIJ^2)^1/2 + DJ) / 2 + PE
    Total System Jitter     (TSJ):    0.050ns
    Total Input Jitter      (TIJ):    0.000ns
    Discrete Jitter          (DJ):    0.000ns
    Phase Error              (PE):    0.000ns

    Location             Delay type                Incr(ns)  Path(ns)    Netlist Resource(s)
  -------------------------------------------------------------------    -------------------
    U9                                                0.000     0.000 f  rst (IN)
                         net (fo=0)                   0.000     0.000    rst
    U9                   IBUF (Prop_ibuf_I_O)         1.025     1.025 f  rst_IBUF_inst/O
                         net (fo=14, routed)          1.648     2.673    rst_IBUF
    SLICE_X3Y10          FDCE                                         f  result_reg_reg[0]/CLR
  -------------------------------------------------------------------    -------------------

                         (clock sys_clk rise edge)    0.000     0.000 r  
    U7                                                0.000     0.000 r  clk (IN)
                         net (fo=0)                   0.000     0.000    clk
    U7                   IBUF (Prop_ibuf_I_O)         0.924     0.924 r  clk_IBUF_inst/O
                         net (fo=1, routed)           1.972     2.896    clk_IBUF
    BUFGCTRL_X0Y0        BUFG (Prop_bufg_I_O)         0.091     2.987 r  clk_IBUF_BUFG_inst/O
                         net (fo=14, routed)          1.654     4.641    clk_IBUF_BUFG
    SLICE_X3Y10          FDCE                                         r  result_reg_reg[0]/C

Slack:                    inf
  Source:                 rst
                            (input port)
  Destination:            b_reg_reg[0]/CLR
                            (recovery check against rising-edge clock sys_clk  {rise@0.000ns fall@0.750ns period=1.500ns})
  Path Group:             (none)
  Path Type:              Recovery (Max at Slow Process Corner)
  Data Path Delay:        2.532ns  (logic 1.025ns (40.481%)  route 1.507ns (59.519%))
  Logic Levels:           1  (IBUF=1)
  Clock Path Skew:        4.640ns (DCD - SCD + CPR)
    Destination Clock Delay (DCD):    4.640ns
    Source Clock Delay      (SCD):    0.000ns
    Clock Pessimism Removal (CPR):    0.000ns
  Clock Uncertainty:      0.025ns  ((TSJ^2 + TIJ^2)^1/2 + DJ) / 2 + PE
    Total System Jitter     (TSJ):    0.050ns
    Total Input Jitter      (TIJ):    0.000ns
    Discrete Jitter          (DJ):    0.000ns
    Phase Error              (PE):    0.000ns

    Location             Delay type                Incr(ns)  Path(ns)    Netlist Resource(s)
  -------------------------------------------------------------------    -------------------
    U9                                                0.000     0.000 f  rst (IN)
                         net (fo=0)                   0.000     0.000    rst
    U9                   IBUF (Prop_ibuf_I_O)         1.025     1.025 f  rst_IBUF_inst/O
                         net (fo=14, routed)          1.507     2.532    rst_IBUF
    SLICE_X3Y11          FDCE                                         f  b_reg_reg[0]/CLR
  -------------------------------------------------------------------    -------------------

                         (clock sys_clk rise edge)    0.000     0.000 r  
    U7                                                0.000     0.000 r  clk (IN)
                         net (fo=0)                   0.000     0.000    clk
    U7                   IBUF (Prop_ibuf_I_O)         0.924     0.924 r  clk_IBUF_inst/O
                         net (fo=1, routed)           1.972     2.896    clk_IBUF
    BUFGCTRL_X0Y0        BUFG (Prop_bufg_I_O)         0.091     2.987 r  clk_IBUF_BUFG_inst/O
                         net (fo=14, routed)          1.653     4.640    clk_IBUF_BUFG
    SLICE_X3Y11          FDCE                                         r  b_reg_reg[0]/C

Slack:                    inf
  Source:                 rst
                            (input port)
  Destination:            a_reg_reg[0]/CLR
                            (recovery check against rising-edge clock sys_clk  {rise@0.000ns fall@0.750ns period=1.500ns})
  Path Group:             (none)
  Path Type:              Recovery (Max at Slow Process Corner)
  Data Path Delay:        2.528ns  (logic 1.025ns (40.543%)  route 1.503ns (59.457%))
  Logic Levels:           1  (IBUF=1)
  Clock Path Skew:        4.640ns (DCD - SCD + CPR)
    Destination Clock Delay (DCD):    4.640ns
    Source Clock Delay      (SCD):    0.000ns
    Clock Pessimism Removal (CPR):    0.000ns
  Clock Uncertainty:      0.025ns  ((TSJ^2 + TIJ^2)^1/2 + DJ) / 2 + PE
    Total System Jitter     (TSJ):    0.050ns
    Total Input Jitter      (TIJ):    0.000ns
    Discrete Jitter          (DJ):    0.000ns
    Phase Error              (PE):    0.000ns

    Location             Delay type                Incr(ns)  Path(ns)    Netlist Resource(s)
  -------------------------------------------------------------------    -------------------
    U9                                                0.000     0.000 f  rst (IN)
                         net (fo=0)                   0.000     0.000    rst
    U9                   IBUF (Prop_ibuf_I_O)         1.025     1.025 f  rst_IBUF_inst/O
                         net (fo=14, routed)          1.503     2.528    rst_IBUF
    SLICE_X1Y11          FDCE                                         f  a_reg_reg[0]/CLR
  -------------------------------------------------------------------    -------------------

                         (clock sys_clk rise edge)    0.000     0.000 r  
    U7                                                0.000     0.000 r  clk (IN)
                         net (fo=0)                   0.000     0.000    clk
    U7                   IBUF (Prop_ibuf_I_O)         0.924     0.924 r  clk_IBUF_inst/O
                         net (fo=1, routed)           1.972     2.896    clk_IBUF
    BUFGCTRL_X0Y0        BUFG (Prop_bufg_I_O)         0.091     2.987 r  clk_IBUF_BUFG_inst/O
                         net (fo=14, routed)          1.653     4.640    clk_IBUF_BUFG
    SLICE_X1Y11          FDCE                                         r  a_reg_reg[0]/C

Slack:                    inf
  Source:                 rst
                            (input port)
  Destination:            a_reg_reg[2]/CLR
                            (recovery check against rising-edge clock sys_clk  {rise@0.000ns fall@0.750ns period=1.500ns})
  Path Group:             (none)
  Path Type:              Recovery (Max at Slow Process Corner)
  Data Path Delay:        2.528ns  (logic 1.025ns (40.543%)  route 1.503ns (59.457%))
  Logic Levels:           1  (IBUF=1)
  Clock Path Skew:        4.640ns (DCD - SCD + CPR)
    Destination Clock Delay (DCD):    4.640ns
    Source Clock Delay      (SCD):    0.000ns
    Clock Pessimism Removal (CPR):    0.000ns
  Clock Uncertainty:      0.025ns  ((TSJ^2 + TIJ^2)^1/2 + DJ) / 2 + PE
    Total System Jitter     (TSJ):    0.050ns
    Total Input Jitter      (TIJ):    0.000ns
    Discrete Jitter          (DJ):    0.000ns
    Phase Error              (PE):    0.000ns

    Location             Delay type                Incr(ns)  Path(ns)    Netlist Resource(s)
  -------------------------------------------------------------------    -------------------
    U9                                                0.000     0.000 f  rst (IN)
                         net (fo=0)                   0.000     0.000    rst
    U9                   IBUF (Prop_ibuf_I_O)         1.025     1.025 f  rst_IBUF_inst/O
                         net (fo=14, routed)          1.503     2.528    rst_IBUF
    SLICE_X1Y11          FDCE                                         f  a_reg_reg[2]/CLR
  -------------------------------------------------------------------    -------------------

                         (clock sys_clk rise edge)    0.000     0.000 r  
    U7                                                0.000     0.000 r  clk (IN)
                         net (fo=0)                   0.000     0.000    clk
    U7                   IBUF (Prop_ibuf_I_O)         0.924     0.924 r  clk_IBUF_inst/O
                         net (fo=1, routed)           1.972     2.896    clk_IBUF
    BUFGCTRL_X0Y0        BUFG (Prop_bufg_I_O)         0.091     2.987 r  clk_IBUF_BUFG_inst/O
                         net (fo=14, routed)          1.653     4.640    clk_IBUF_BUFG
    SLICE_X1Y11          FDCE                                         r  a_reg_reg[2]/C

Slack:                    inf
  Source:                 rst
                            (input port)
  Destination:            b_reg_reg[2]/CLR
                            (recovery check against rising-edge clock sys_clk  {rise@0.000ns fall@0.750ns period=1.500ns})
  Path Group:             (none)
  Path Type:              Recovery (Max at Slow Process Corner)
  Data Path Delay:        2.528ns  (logic 1.025ns (40.543%)  route 1.503ns (59.457%))
  Logic Levels:           1  (IBUF=1)
  Clock Path Skew:        4.640ns (DCD - SCD + CPR)
    Destination Clock Delay (DCD):    4.640ns
    Source Clock Delay      (SCD):    0.000ns
    Clock Pessimism Removal (CPR):    0.000ns
  Clock Uncertainty:      0.025ns  ((TSJ^2 + TIJ^2)^1/2 + DJ) / 2 + PE
    Total System Jitter     (TSJ):    0.050ns
    Total Input Jitter      (TIJ):    0.000ns
    Discrete Jitter          (DJ):    0.000ns
    Phase Error              (PE):    0.000ns

    Location             Delay type                Incr(ns)  Path(ns)    Netlist Resource(s)
  -------------------------------------------------------------------    -------------------
    U9                                                0.000     0.000 f  rst (IN)
                         net (fo=0)                   0.000     0.000    rst
    U9                   IBUF (Prop_ibuf_I_O)         1.025     1.025 f  rst_IBUF_inst/O
                         net (fo=14, routed)          1.503     2.528    rst_IBUF
    SLICE_X0Y11          FDCE                                         f  b_reg_reg[2]/CLR
  -------------------------------------------------------------------    -------------------

                         (clock sys_clk rise edge)    0.000     0.000 r  
    U7                                                0.000     0.000 r  clk (IN)
                         net (fo=0)                   0.000     0.000    clk
    U7                   IBUF (Prop_ibuf_I_O)         0.924     0.924 r  clk_IBUF_inst/O
                         net (fo=1, routed)           1.972     2.896    clk_IBUF
    BUFGCTRL_X0Y0        BUFG (Prop_bufg_I_O)         0.091     2.987 r  clk_IBUF_BUFG_inst/O
                         net (fo=14, routed)          1.653     4.640    clk_IBUF_BUFG
    SLICE_X0Y11          FDCE                                         r  b_reg_reg[2]/C

Slack:                    inf
  Source:                 rst
                            (input port)
  Destination:            op_reg_reg[1]/CLR
                            (recovery check against rising-edge clock sys_clk  {rise@0.000ns fall@0.750ns period=1.500ns})
  Path Group:             (none)
  Path Type:              Recovery (Max at Slow Process Corner)
  Data Path Delay:        2.528ns  (logic 1.025ns (40.543%)  route 1.503ns (59.457%))
  Logic Levels:           1  (IBUF=1)
  Clock Path Skew:        4.640ns (DCD - SCD + CPR)
    Destination Clock Delay (DCD):    4.640ns
    Source Clock Delay      (SCD):    0.000ns
    Clock Pessimism Removal (CPR):    0.000ns
  Clock Uncertainty:      0.025ns  ((TSJ^2 + TIJ^2)^1/2 + DJ) / 2 + PE
    Total System Jitter     (TSJ):    0.050ns
    Total Input Jitter      (TIJ):    0.000ns
    Discrete Jitter          (DJ):    0.000ns
    Phase Error              (PE):    0.000ns

    Location             Delay type                Incr(ns)  Path(ns)    Netlist Resource(s)
  -------------------------------------------------------------------    -------------------
    U9                                                0.000     0.000 f  rst (IN)
                         net (fo=0)                   0.000     0.000    rst
    U9                   IBUF (Prop_ibuf_I_O)         1.025     1.025 f  rst_IBUF_inst/O
                         net (fo=14, routed)          1.503     2.528    rst_IBUF
    SLICE_X1Y11          FDCE                                         f  op_reg_reg[1]/CLR
  -------------------------------------------------------------------    -------------------

                         (clock sys_clk rise edge)    0.000     0.000 r  
    U7                                                0.000     0.000 r  clk (IN)
                         net (fo=0)                   0.000     0.000    clk
    U7                   IBUF (Prop_ibuf_I_O)         0.924     0.924 r  clk_IBUF_inst/O
                         net (fo=1, routed)           1.972     2.896    clk_IBUF
    BUFGCTRL_X0Y0        BUFG (Prop_bufg_I_O)         0.091     2.987 r  clk_IBUF_BUFG_inst/O
                         net (fo=14, routed)          1.653     4.640    clk_IBUF_BUFG
    SLICE_X1Y11          FDCE                                         r  op_reg_reg[1]/C

Slack:                    inf
  Source:                 rst
                            (input port)
  Destination:            op_reg_reg[0]/CLR
                            (recovery check against rising-edge clock sys_clk  {rise@0.000ns fall@0.750ns period=1.500ns})
  Path Group:             (none)
  Path Type:              Recovery (Max at Slow Process Corner)
  Data Path Delay:        2.526ns  (logic 1.025ns (40.568%)  route 1.501ns (59.432%))
  Logic Levels:           1  (IBUF=1)
  Clock Path Skew:        4.638ns (DCD - SCD + CPR)
    Destination Clock Delay (DCD):    4.638ns
    Source Clock Delay      (SCD):    0.000ns
    Clock Pessimism Removal (CPR):    0.000ns
  Clock Uncertainty:      0.025ns  ((TSJ^2 + TIJ^2)^1/2 + DJ) / 2 + PE
    Total System Jitter     (TSJ):    0.050ns
    Total Input Jitter      (TIJ):    0.000ns
    Discrete Jitter          (DJ):    0.000ns
    Phase Error              (PE):    0.000ns

    Location             Delay type                Incr(ns)  Path(ns)    Netlist Resource(s)
  -------------------------------------------------------------------    -------------------
    U9                                                0.000     0.000 f  rst (IN)
                         net (fo=0)                   0.000     0.000    rst
    U9                   IBUF (Prop_ibuf_I_O)         1.025     1.025 f  rst_IBUF_inst/O
                         net (fo=14, routed)          1.501     2.526    rst_IBUF
    SLICE_X3Y13          FDCE                                         f  op_reg_reg[0]/CLR
  -------------------------------------------------------------------    -------------------

                         (clock sys_clk rise edge)    0.000     0.000 r  
    U7                                                0.000     0.000 r  clk (IN)
                         net (fo=0)                   0.000     0.000    clk
    U7                   IBUF (Prop_ibuf_I_O)         0.924     0.924 r  clk_IBUF_inst/O
                         net (fo=1, routed)           1.972     2.896    clk_IBUF
    BUFGCTRL_X0Y0        BUFG (Prop_bufg_I_O)         0.091     2.987 r  clk_IBUF_BUFG_inst/O
                         net (fo=14, routed)          1.651     4.638    clk_IBUF_BUFG
    SLICE_X3Y13          FDCE                                         r  op_reg_reg[0]/C

Slack:                    inf
  Source:                 rst
                            (input port)
  Destination:            a_reg_reg[3]/CLR
                            (recovery check against rising-edge clock sys_clk  {rise@0.000ns fall@0.750ns period=1.500ns})
  Path Group:             (none)
  Path Type:              Recovery (Max at Slow Process Corner)
  Data Path Delay:        2.388ns  (logic 1.025ns (42.911%)  route 1.363ns (57.089%))
  Logic Levels:           1  (IBUF=1)
  Clock Path Skew:        4.639ns (DCD - SCD + CPR)
    Destination Clock Delay (DCD):    4.639ns
    Source Clock Delay      (SCD):    0.000ns
    Clock Pessimism Removal (CPR):    0.000ns
  Clock Uncertainty:      0.025ns  ((TSJ^2 + TIJ^2)^1/2 + DJ) / 2 + PE
    Total System Jitter     (TSJ):    0.050ns
    Total Input Jitter      (TIJ):    0.000ns
    Discrete Jitter          (DJ):    0.000ns
    Phase Error              (PE):    0.000ns

    Location             Delay type                Incr(ns)  Path(ns)    Netlist Resource(s)
  -------------------------------------------------------------------    -------------------
    U9                                                0.000     0.000 f  rst (IN)
                         net (fo=0)                   0.000     0.000    rst
    U9                   IBUF (Prop_ibuf_I_O)         1.025     1.025 f  rst_IBUF_inst/O
                         net (fo=14, routed)          1.363     2.388    rst_IBUF
    SLICE_X3Y12          FDCE                                         f  a_reg_reg[3]/CLR
  -------------------------------------------------------------------    -------------------

                         (clock sys_clk rise edge)    0.000     0.000 r  
    U7                                                0.000     0.000 r  clk (IN)
                         net (fo=0)                   0.000     0.000    clk
    U7                   IBUF (Prop_ibuf_I_O)         0.924     0.924 r  clk_IBUF_inst/O
                         net (fo=1, routed)           1.972     2.896    clk_IBUF
    BUFGCTRL_X0Y0        BUFG (Prop_bufg_I_O)         0.091     2.987 r  clk_IBUF_BUFG_inst/O
                         net (fo=14, routed)          1.652     4.639    clk_IBUF_BUFG
    SLICE_X3Y12          FDCE                                         r  a_reg_reg[3]/C

Slack:                    inf
  Source:                 rst
                            (input port)
  Destination:            b_reg_reg[3]/CLR
                            (recovery check against rising-edge clock sys_clk  {rise@0.000ns fall@0.750ns period=1.500ns})
  Path Group:             (none)
  Path Type:              Recovery (Max at Slow Process Corner)
  Data Path Delay:        2.388ns  (logic 1.025ns (42.911%)  route 1.363ns (57.089%))
  Logic Levels:           1  (IBUF=1)
  Clock Path Skew:        4.639ns (DCD - SCD + CPR)
    Destination Clock Delay (DCD):    4.639ns
    Source Clock Delay      (SCD):    0.000ns
    Clock Pessimism Removal (CPR):    0.000ns
  Clock Uncertainty:      0.025ns  ((TSJ^2 + TIJ^2)^1/2 + DJ) / 2 + PE
    Total System Jitter     (TSJ):    0.050ns
    Total Input Jitter      (TIJ):    0.000ns
    Discrete Jitter          (DJ):    0.000ns
    Phase Error              (PE):    0.000ns

    Location             Delay type                Incr(ns)  Path(ns)    Netlist Resource(s)
  -------------------------------------------------------------------    -------------------
    U9                                                0.000     0.000 f  rst (IN)
                         net (fo=0)                   0.000     0.000    rst
    U9                   IBUF (Prop_ibuf_I_O)         1.025     1.025 f  rst_IBUF_inst/O
                         net (fo=14, routed)          1.363     2.388    rst_IBUF
    SLICE_X2Y12          FDCE                                         f  b_reg_reg[3]/CLR
  -------------------------------------------------------------------    -------------------

                         (clock sys_clk rise edge)    0.000     0.000 r  
    U7                                                0.000     0.000 r  clk (IN)
                         net (fo=0)                   0.000     0.000    clk
    U7                   IBUF (Prop_ibuf_I_O)         0.924     0.924 r  clk_IBUF_inst/O
                         net (fo=1, routed)           1.972     2.896    clk_IBUF
    BUFGCTRL_X0Y0        BUFG (Prop_bufg_I_O)         0.091     2.987 r  clk_IBUF_BUFG_inst/O
                         net (fo=14, routed)          1.652     4.639    clk_IBUF_BUFG
    SLICE_X2Y12          FDCE                                         r  b_reg_reg[3]/C

Slack:                    inf
  Source:                 rst
                            (input port)
  Destination:            result_reg_reg[1]/CLR
                            (recovery check against rising-edge clock sys_clk  {rise@0.000ns fall@0.750ns period=1.500ns})
  Path Group:             (none)
  Path Type:              Recovery (Max at Slow Process Corner)
  Data Path Delay:        2.388ns  (logic 1.025ns (42.911%)  route 1.363ns (57.089%))
  Logic Levels:           1  (IBUF=1)
  Clock Path Skew:        4.639ns (DCD - SCD + CPR)
    Destination Clock Delay (DCD):    4.639ns
    Source Clock Delay      (SCD):    0.000ns
    Clock Pessimism Removal (CPR):    0.000ns
  Clock Uncertainty:      0.025ns  ((TSJ^2 + TIJ^2)^1/2 + DJ) / 2 + PE
    Total System Jitter     (TSJ):    0.050ns
    Total Input Jitter      (TIJ):    0.000ns
    Discrete Jitter          (DJ):    0.000ns
    Phase Error              (PE):    0.000ns

    Location             Delay type                Incr(ns)  Path(ns)    Netlist Resource(s)
  -------------------------------------------------------------------    -------------------
    U9                                                0.000     0.000 f  rst (IN)
                         net (fo=0)                   0.000     0.000    rst
    U9                   IBUF (Prop_ibuf_I_O)         1.025     1.025 f  rst_IBUF_inst/O
                         net (fo=14, routed)          1.363     2.388    rst_IBUF
    SLICE_X3Y12          FDCE                                         f  result_reg_reg[1]/CLR
  -------------------------------------------------------------------    -------------------

                         (clock sys_clk rise edge)    0.000     0.000 r  
    U7                                                0.000     0.000 r  clk (IN)
                         net (fo=0)                   0.000     0.000    clk
    U7                   IBUF (Prop_ibuf_I_O)         0.924     0.924 r  clk_IBUF_inst/O
                         net (fo=1, routed)           1.972     2.896    clk_IBUF
    BUFGCTRL_X0Y0        BUFG (Prop_bufg_I_O)         0.091     2.987 r  clk_IBUF_BUFG_inst/O
                         net (fo=14, routed)          1.652     4.639    clk_IBUF_BUFG
    SLICE_X3Y12          FDCE                                         r  result_reg_reg[1]/C





Min Delay Paths
--------------------------------------------------------------------------------------
Slack:                    inf
  Source:                 b[2]
                            (input port)
  Destination:            b_reg_reg[2]/D
                            (rising edge-triggered cell FDCE clocked by sys_clk  {rise@0.000ns fall@0.750ns period=1.500ns})
  Path Group:             (none)
  Path Type:              Hold (Min at Fast Process Corner)
  Data Path Delay:        0.466ns  (logic 0.172ns (36.908%)  route 0.294ns (63.092%))
  Logic Levels:           1  (IBUF=1)
  Clock Path Skew:        2.115ns (DCD - SCD - CPR)
    Destination Clock Delay (DCD):    2.115ns
    Source Clock Delay      (SCD):    0.000ns
    Clock Pessimism Removal (CPR):    -0.000ns

    Location             Delay type                Incr(ns)  Path(ns)    Netlist Resource(s)
  -------------------------------------------------------------------    -------------------
    U5                                                0.000     0.000 r  b[2] (IN)
                         net (fo=0)                   0.000     0.000    b[2]
    U5                   IBUF (Prop_ibuf_I_O)         0.172     0.172 r  b_IBUF[2]_inst/O
                         net (fo=1, routed)           0.294     0.466    b_IBUF[2]
    SLICE_X0Y11          FDCE                                         r  b_reg_reg[2]/D
  -------------------------------------------------------------------    -------------------

                         (clock sys_clk rise edge)    0.000     0.000 r  
    U7                                                0.000     0.000 r  clk (IN)
                         net (fo=0)                   0.000     0.000    clk
    U7                   IBUF (Prop_ibuf_I_O)         0.476     0.476 r  clk_IBUF_inst/O
                         net (fo=1, routed)           0.719     1.195    clk_IBUF
    BUFGCTRL_X0Y0        BUFG (Prop_bufg_I_O)         0.029     1.224 r  clk_IBUF_BUFG_inst/O
                         net (fo=14, routed)          0.891     2.115    clk_IBUF_BUFG
    SLICE_X0Y11          FDCE                                         r  b_reg_reg[2]/C

Slack:                    inf
  Source:                 op[0]
                            (input port)
  Destination:            op_reg_reg[0]/D
                            (rising edge-triggered cell FDCE clocked by sys_clk  {rise@0.000ns fall@0.750ns period=1.500ns})
  Path Group:             (none)
  Path Type:              Hold (Min at Fast Process Corner)
  Data Path Delay:        0.587ns  (logic 0.247ns (42.041%)  route 0.340ns (57.959%))
  Logic Levels:           1  (IBUF=1)
  Clock Path Skew:        2.112ns (DCD - SCD - CPR)
    Destination Clock Delay (DCD):    2.112ns
    Source Clock Delay      (SCD):    0.000ns
    Clock Pessimism Removal (CPR):    -0.000ns

    Location             Delay type                Incr(ns)  Path(ns)    Netlist Resource(s)
  -------------------------------------------------------------------    -------------------
    Y11                                               0.000     0.000 r  op[0] (IN)
                         net (fo=0)                   0.000     0.000    op[0]
    Y11                  IBUF (Prop_ibuf_I_O)         0.247     0.247 r  op_IBUF[0]_inst/O
                         net (fo=1, routed)           0.340     0.587    op_IBUF[0]
    SLICE_X3Y13          FDCE                                         r  op_reg_reg[0]/D
  -------------------------------------------------------------------    -------------------

                         (clock sys_clk rise edge)    0.000     0.000 r  
    U7                                                0.000     0.000 r  clk (IN)
                         net (fo=0)                   0.000     0.000    clk
    U7                   IBUF (Prop_ibuf_I_O)         0.476     0.476 r  clk_IBUF_inst/O
                         net (fo=1, routed)           0.719     1.195    clk_IBUF
    BUFGCTRL_X0Y0        BUFG (Prop_bufg_I_O)         0.029     1.224 r  clk_IBUF_BUFG_inst/O
                         net (fo=14, routed)          0.888     2.112    clk_IBUF_BUFG
    SLICE_X3Y13          FDCE                                         r  op_reg_reg[0]/C

Slack:                    inf
  Source:                 a[1]
                            (input port)
  Destination:            a_reg_reg[1]/D
                            (rising edge-triggered cell FDCE clocked by sys_clk  {rise@0.000ns fall@0.750ns period=1.500ns})
  Path Group:             (none)
  Path Type:              Hold (Min at Fast Process Corner)
  Data Path Delay:        0.610ns  (logic 0.179ns (29.444%)  route 0.430ns (70.556%))
  Logic Levels:           1  (IBUF=1)
  Clock Path Skew:        2.113ns (DCD - SCD - CPR)
    Destination Clock Delay (DCD):    2.113ns
    Source Clock Delay      (SCD):    0.000ns
    Clock Pessimism Removal (CPR):    -0.000ns

    Location             Delay type                Incr(ns)  Path(ns)    Netlist Resource(s)
  -------------------------------------------------------------------    -------------------
    V6                                                0.000     0.000 r  a[1] (IN)
                         net (fo=0)                   0.000     0.000    a[1]
    V6                   IBUF (Prop_ibuf_I_O)         0.179     0.179 r  a_IBUF[1]_inst/O
                         net (fo=1, routed)           0.430     0.610    a_IBUF[1]
    SLICE_X1Y12          FDCE                                         r  a_reg_reg[1]/D
  -------------------------------------------------------------------    -------------------

                         (clock sys_clk rise edge)    0.000     0.000 r  
    U7                                                0.000     0.000 r  clk (IN)
                         net (fo=0)                   0.000     0.000    clk
    U7                   IBUF (Prop_ibuf_I_O)         0.476     0.476 r  clk_IBUF_inst/O
                         net (fo=1, routed)           0.719     1.195    clk_IBUF
    BUFGCTRL_X0Y0        BUFG (Prop_bufg_I_O)         0.029     1.224 r  clk_IBUF_BUFG_inst/O
                         net (fo=14, routed)          0.889     2.113    clk_IBUF_BUFG
    SLICE_X1Y12          FDCE                                         r  a_reg_reg[1]/C

Slack:                    inf
  Source:                 a[0]
                            (input port)
  Destination:            a_reg_reg[0]/D
                            (rising edge-triggered cell FDCE clocked by sys_clk  {rise@0.000ns fall@0.750ns period=1.500ns})
  Path Group:             (none)
  Path Type:              Hold (Min at Fast Process Corner)
  Data Path Delay:        0.615ns  (logic 0.185ns (30.041%)  route 0.430ns (69.959%))
  Logic Levels:           1  (IBUF=1)
  Clock Path Skew:        2.115ns (DCD - SCD - CPR)
    Destination Clock Delay (DCD):    2.115ns
    Source Clock Delay      (SCD):    0.000ns
    Clock Pessimism Removal (CPR):    -0.000ns

    Location             Delay type                Incr(ns)  Path(ns)    Netlist Resource(s)
  -------------------------------------------------------------------    -------------------
    W6                                                0.000     0.000 r  a[0] (IN)
                         net (fo=0)                   0.000     0.000    a[0]
    W6                   IBUF (Prop_ibuf_I_O)         0.185     0.185 r  a_IBUF[0]_inst/O
                         net (fo=1, routed)           0.430     0.615    a_IBUF[0]
    SLICE_X1Y11          FDCE                                         r  a_reg_reg[0]/D
  -------------------------------------------------------------------    -------------------

                         (clock sys_clk rise edge)    0.000     0.000 r  
    U7                                                0.000     0.000 r  clk (IN)
                         net (fo=0)                   0.000     0.000    clk
    U7                   IBUF (Prop_ibuf_I_O)         0.476     0.476 r  clk_IBUF_inst/O
                         net (fo=1, routed)           0.719     1.195    clk_IBUF
    BUFGCTRL_X0Y0        BUFG (Prop_bufg_I_O)         0.029     1.224 r  clk_IBUF_BUFG_inst/O
                         net (fo=14, routed)          0.891     2.115    clk_IBUF_BUFG
    SLICE_X1Y11          FDCE                                         r  a_reg_reg[0]/C

Slack:                    inf
  Source:                 op[1]
                            (input port)
  Destination:            op_reg_reg[1]/D
                            (rising edge-triggered cell FDCE clocked by sys_clk  {rise@0.000ns fall@0.750ns period=1.500ns})
  Path Group:             (none)
  Path Type:              Hold (Min at Fast Process Corner)
  Data Path Delay:        0.615ns  (logic 0.243ns (39.543%)  route 0.372ns (60.457%))
  Logic Levels:           1  (IBUF=1)
  Clock Path Skew:        2.115ns (DCD - SCD - CPR)
    Destination Clock Delay (DCD):    2.115ns
    Source Clock Delay      (SCD):    0.000ns
    Clock Pessimism Removal (CPR):    -0.000ns

    Location             Delay type                Incr(ns)  Path(ns)    Netlist Resource(s)
  -------------------------------------------------------------------    -------------------
    W11                                               0.000     0.000 r  op[1] (IN)
                         net (fo=0)                   0.000     0.000    op[1]
    W11                  IBUF (Prop_ibuf_I_O)         0.243     0.243 r  op_IBUF[1]_inst/O
                         net (fo=1, routed)           0.372     0.615    op_IBUF[1]
    SLICE_X1Y11          FDCE                                         r  op_reg_reg[1]/D
  -------------------------------------------------------------------    -------------------

                         (clock sys_clk rise edge)    0.000     0.000 r  
    U7                                                0.000     0.000 r  clk (IN)
                         net (fo=0)                   0.000     0.000    clk
    U7                   IBUF (Prop_ibuf_I_O)         0.476     0.476 r  clk_IBUF_inst/O
                         net (fo=1, routed)           0.719     1.195    clk_IBUF
    BUFGCTRL_X0Y0        BUFG (Prop_bufg_I_O)         0.029     1.224 r  clk_IBUF_BUFG_inst/O
                         net (fo=14, routed)          0.891     2.115    clk_IBUF_BUFG
    SLICE_X1Y11          FDCE                                         r  op_reg_reg[1]/C

Slack:                    inf
  Source:                 b[3]
                            (input port)
  Destination:            b_reg_reg[3]/D
                            (rising edge-triggered cell FDCE clocked by sys_clk  {rise@0.000ns fall@0.750ns period=1.500ns})
  Path Group:             (none)
  Path Type:              Hold (Min at Fast Process Corner)
  Data Path Delay:        0.624ns  (logic 0.229ns (36.701%)  route 0.395ns (63.299%))
  Logic Levels:           1  (IBUF=1)
  Clock Path Skew:        2.113ns (DCD - SCD - CPR)
    Destination Clock Delay (DCD):    2.113ns
    Source Clock Delay      (SCD):    0.000ns
    Clock Pessimism Removal (CPR):    -0.000ns

    Location             Delay type                Incr(ns)  Path(ns)    Netlist Resource(s)
  -------------------------------------------------------------------    -------------------
    T5                                                0.000     0.000 r  b[3] (IN)
                         net (fo=0)                   0.000     0.000    b[3]
    T5                   IBUF (Prop_ibuf_I_O)         0.229     0.229 r  b_IBUF[3]_inst/O
                         net (fo=1, routed)           0.395     0.624    b_IBUF[3]
    SLICE_X2Y12          FDCE                                         r  b_reg_reg[3]/D
  -------------------------------------------------------------------    -------------------

                         (clock sys_clk rise edge)    0.000     0.000 r  
    U7                                                0.000     0.000 r  clk (IN)
                         net (fo=0)                   0.000     0.000    clk
    U7                   IBUF (Prop_ibuf_I_O)         0.476     0.476 r  clk_IBUF_inst/O
                         net (fo=1, routed)           0.719     1.195    clk_IBUF
    BUFGCTRL_X0Y0        BUFG (Prop_bufg_I_O)         0.029     1.224 r  clk_IBUF_BUFG_inst/O
                         net (fo=14, routed)          0.889     2.113    clk_IBUF_BUFG
    SLICE_X2Y12          FDCE                                         r  b_reg_reg[3]/C

Slack:                    inf
  Source:                 a[2]
                            (input port)
  Destination:            a_reg_reg[2]/D
                            (rising edge-triggered cell FDCE clocked by sys_clk  {rise@0.000ns fall@0.750ns period=1.500ns})
  Path Group:             (none)
  Path Type:              Hold (Min at Fast Process Corner)
  Data Path Delay:        0.651ns  (logic 0.218ns (33.526%)  route 0.433ns (66.474%))
  Logic Levels:           1  (IBUF=1)
  Clock Path Skew:        2.115ns (DCD - SCD - CPR)
    Destination Clock Delay (DCD):    2.115ns
    Source Clock Delay      (SCD):    0.000ns
    Clock Pessimism Removal (CPR):    -0.000ns

    Location             Delay type                Incr(ns)  Path(ns)    Netlist Resource(s)
  -------------------------------------------------------------------    -------------------
    V10                                               0.000     0.000 r  a[2] (IN)
                         net (fo=0)                   0.000     0.000    a[2]
    V10                  IBUF (Prop_ibuf_I_O)         0.218     0.218 r  a_IBUF[2]_inst/O
                         net (fo=1, routed)           0.433     0.651    a_IBUF[2]
    SLICE_X1Y11          FDCE                                         r  a_reg_reg[2]/D
  -------------------------------------------------------------------    -------------------

                         (clock sys_clk rise edge)    0.000     0.000 r  
    U7                                                0.000     0.000 r  clk (IN)
                         net (fo=0)                   0.000     0.000    clk
    U7                   IBUF (Prop_ibuf_I_O)         0.476     0.476 r  clk_IBUF_inst/O
                         net (fo=1, routed)           0.719     1.195    clk_IBUF
    BUFGCTRL_X0Y0        BUFG (Prop_bufg_I_O)         0.029     1.224 r  clk_IBUF_BUFG_inst/O
                         net (fo=14, routed)          0.891     2.115    clk_IBUF_BUFG
    SLICE_X1Y11          FDCE                                         r  a_reg_reg[2]/C

Slack:                    inf
  Source:                 a[3]
                            (input port)
  Destination:            a_reg_reg[3]/D
                            (rising edge-triggered cell FDCE clocked by sys_clk  {rise@0.000ns fall@0.750ns period=1.500ns})
  Path Group:             (none)
  Path Type:              Hold (Min at Fast Process Corner)
  Data Path Delay:        0.659ns  (logic 0.220ns (33.414%)  route 0.439ns (66.586%))
  Logic Levels:           1  (IBUF=1)
  Clock Path Skew:        2.113ns (DCD - SCD - CPR)
    Destination Clock Delay (DCD):    2.113ns
    Source Clock Delay      (SCD):    0.000ns
    Clock Pessimism Removal (CPR):    -0.000ns

    Location             Delay type                Incr(ns)  Path(ns)    Netlist Resource(s)
  -------------------------------------------------------------------    -------------------
    V11                                               0.000     0.000 r  a[3] (IN)
                         net (fo=0)                   0.000     0.000    a[3]
    V11                  IBUF (Prop_ibuf_I_O)         0.220     0.220 r  a_IBUF[3]_inst/O
                         net (fo=1, routed)           0.439     0.659    a_IBUF[3]
    SLICE_X3Y12          FDCE                                         r  a_reg_reg[3]/D
  -------------------------------------------------------------------    -------------------

                         (clock sys_clk rise edge)    0.000     0.000 r  
    U7                                                0.000     0.000 r  clk (IN)
                         net (fo=0)                   0.000     0.000    clk
    U7                   IBUF (Prop_ibuf_I_O)         0.476     0.476 r  clk_IBUF_inst/O
                         net (fo=1, routed)           0.719     1.195    clk_IBUF
    BUFGCTRL_X0Y0        BUFG (Prop_bufg_I_O)         0.029     1.224 r  clk_IBUF_BUFG_inst/O
                         net (fo=14, routed)          0.889     2.113    clk_IBUF_BUFG
    SLICE_X3Y12          FDCE                                         r  a_reg_reg[3]/C

Slack:                    inf
  Source:                 b[1]
                            (input port)
  Destination:            b_reg_reg[1]/D
                            (rising edge-triggered cell FDCE clocked by sys_clk  {rise@0.000ns fall@0.750ns period=1.500ns})
  Path Group:             (none)
  Path Type:              Hold (Min at Fast Process Corner)
  Data Path Delay:        0.700ns  (logic 0.260ns (37.207%)  route 0.439ns (62.793%))
  Logic Levels:           1  (IBUF=1)
  Clock Path Skew:        2.112ns (DCD - SCD - CPR)
    Destination Clock Delay (DCD):    2.112ns
    Source Clock Delay      (SCD):    0.000ns
    Clock Pessimism Removal (CPR):    -0.000ns

    Location             Delay type                Incr(ns)  Path(ns)    Netlist Resource(s)
  -------------------------------------------------------------------    -------------------
    Y12                                               0.000     0.000 r  b[1] (IN)
                         net (fo=0)                   0.000     0.000    b[1]
    Y12                  IBUF (Prop_ibuf_I_O)         0.260     0.260 r  b_IBUF[1]_inst/O
                         net (fo=1, routed)           0.439     0.700    b_IBUF[1]
    SLICE_X1Y13          FDCE                                         r  b_reg_reg[1]/D
  -------------------------------------------------------------------    -------------------

                         (clock sys_clk rise edge)    0.000     0.000 r  
    U7                                                0.000     0.000 r  clk (IN)
                         net (fo=0)                   0.000     0.000    clk
    U7                   IBUF (Prop_ibuf_I_O)         0.476     0.476 r  clk_IBUF_inst/O
                         net (fo=1, routed)           0.719     1.195    clk_IBUF
    BUFGCTRL_X0Y0        BUFG (Prop_bufg_I_O)         0.029     1.224 r  clk_IBUF_BUFG_inst/O
                         net (fo=14, routed)          0.888     2.112    clk_IBUF_BUFG
    SLICE_X1Y13          FDCE                                         r  b_reg_reg[1]/C

Slack:                    inf
  Source:                 b[0]
                            (input port)
  Destination:            b_reg_reg[0]/D
                            (rising edge-triggered cell FDCE clocked by sys_clk  {rise@0.000ns fall@0.750ns period=1.500ns})
  Path Group:             (none)
  Path Type:              Hold (Min at Fast Process Corner)
  Data Path Delay:        0.707ns  (logic 0.262ns (37.025%)  route 0.445ns (62.975%))
  Logic Levels:           1  (IBUF=1)
  Clock Path Skew:        2.115ns (DCD - SCD - CPR)
    Destination Clock Delay (DCD):    2.115ns
    Source Clock Delay      (SCD):    0.000ns
    Clock Pessimism Removal (CPR):    -0.000ns

    Location             Delay type                Incr(ns)  Path(ns)    Netlist Resource(s)
  -------------------------------------------------------------------    -------------------
    Y13                                               0.000     0.000 r  b[0] (IN)
                         net (fo=0)                   0.000     0.000    b[0]
    Y13                  IBUF (Prop_ibuf_I_O)         0.262     0.262 r  b_IBUF[0]_inst/O
                         net (fo=1, routed)           0.445     0.707    b_IBUF[0]
    SLICE_X3Y11          FDCE                                         r  b_reg_reg[0]/D
  -------------------------------------------------------------------    -------------------

                         (clock sys_clk rise edge)    0.000     0.000 r  
    U7                                                0.000     0.000 r  clk (IN)
                         net (fo=0)                   0.000     0.000    clk
    U7                   IBUF (Prop_ibuf_I_O)         0.476     0.476 r  clk_IBUF_inst/O
                         net (fo=1, routed)           0.719     1.195    clk_IBUF
    BUFGCTRL_X0Y0        BUFG (Prop_bufg_I_O)         0.029     1.224 r  clk_IBUF_BUFG_inst/O
                         net (fo=14, routed)          0.891     2.115    clk_IBUF_BUFG
    SLICE_X3Y11          FDCE                                         r  b_reg_reg[0]/C





